id,first_name,last_name,email,gender,ip_address,date
1,"Cami 1234567890-=!@#$%^&*(_+~` []\;',./{}|:""<>?",Lutz,clutz0@jiathis.com,Female,130.177.173.99,4/1/2022
2,Appolonia,Passion,apassion1@nasa.gov,Female,222.188.248.64,4/2/2022
3,Wylie,Ganford,wganford2@kickstarter.com,Male,173.234.76.150,4/3/2022
4,Al,Thiese,athiese3@answers.com,Male,224.76.38.192,4/4/2022
5,Dalt,McArd,dmcard4@washingtonpost.com,Male,120.246.212.208,4/5/2022
6,Felicio,Forge,fforge5@google.de,Male,156.191.7.229,4/6/2022
7,Thain,Poulden,tpoulden6@ebay.co.uk,Male,115.186.207.228,4/7/2022
8,Teodoro,Loving,tloving7@skype.com,Male,176.76.69.72,4/8/2022
9,Nefen,Lukovic,nlukovic8@prnewswire.com,Male,218.156.93.166,4/9/2022
10,Lacee,Cankett,lcankett9@biglobe.ne.jp,Female,181.253.254.194,4/10/2022
11,Reinold,Tustin,rtustina@bandcamp.com,Male,112.76.242.186,4/11/2022
12,Claudio,Caberas,ccaberasb@guardian.co.uk,Male,248.113.239.85,4/12/2022
13,Farr,Biddell,fbiddellc@blogtalkradio.com,Genderfluid,30.194.228.13,4/13/2022
14,Opaline,Okenden,ookendend@epa.gov,Female,144.48.246.53,4/14/2022
15,Kayne,McCusker,kmccuskere@house.gov,Male,119.250.108.186,4/15/2022
16,Dilan,Plunket,dplunketf@ed.gov,Male,56.196.65.69,4/16/2022
17,Devland,Colbron,dcolbrong@vk.com,Male,20.111.97.211,4/17/2022
18,Ewart,Clery,ecleryh@exblog.jp,Male,243.145.100.200,4/18/2022
19,Siusan,Hemmingway,shemmingwayi@google.de,Female,206.110.75.195,4/19/2022
20,Emanuele,Jaumet,ejaumetj@eventbrite.com,Male,191.216.78.95,4/20/2022
21,Dionis,Daffey,ddaffeyk@marketwatch.com,Female,221.5.178.193,4/21/2022
22,Araldo,Scrivin,ascrivinl@ezinearticles.com,Male,108.211.192.240,4/22/2022
23,Micheal,Raddin,mraddinm@house.gov,Male,212.171.198.9,4/23/2022
24,Cinderella,Tiebe,ctieben@dmoz.org,Female,28.124.187.103,4/24/2022
25,Christoforo,Dettmar,cdettmaro@tumblr.com,Male,224.33.141.86,4/25/2022
26,Denney,Simenon,dsimenonp@jugem.jp,Male,211.166.145.216,4/26/2022
27,Kakalina,Umney,kumneyq@ycombinator.com,Female,114.97.166.188,4/27/2022
28,Antonetta,Heare,ahearer@gizmodo.com,Female,128.65.126.40,4/28/2022
29,Ahmed,Rosberg,arosbergs@loc.gov,Polygender,231.124.255.249,4/29/2022
30,Saw,Landsbury,slandsburyt@upenn.edu,Male,235.51.194.42,4/30/2022
31,Rozina,Emney,remneyu@moonfruit.com,Female,183.185.93.198,5/1/2022
32,Zackariah,Wade,zwadev@shinystat.com,Male,30.12.9.246,5/2/2022
33,Noelyn,Matchell,nmatchellw@gnu.org,Female,15.67.234.229,5/3/2022
34,Rodrick,Barrand,rbarrandx@gizmodo.com,Male,29.218.198.219,5/4/2022
35,Bibi,Water,bwatery@blogs.com,Female,92.209.31.122,5/5/2022
36,Jessamine,Lodwick,jlodwickz@pagesperso-orange.fr,Female,80.3.86.216,5/6/2022
37,Xerxes,Bickerstaffe,xbickerstaffe10@huffingtonpost.com,Male,247.41.18.14,5/7/2022
38,Elva,Middle,emiddle11@joomla.org,Female,239.106.219.78,5/8/2022
39,Bar,Drissell,bdrissell12@theatlantic.com,Male,138.231.138.56,5/9/2022
40,Yetta,Lemmens,ylemmens13@arstechnica.com,Polygender,234.196.181.41,5/10/2022
41,Winston,Couttes,wcouttes14@youku.com,Male,131.90.186.185,5/11/2022
42,Donavon,Tolefree,dtolefree15@github.io,Male,119.64.173.42,5/12/2022
43,Karel,Fullager,kfullager16@bloglovin.com,Female,97.9.179.206,5/13/2022
44,Douglass,Coolahan,dcoolahan17@wordpress.org,Male,16.69.230.246,5/14/2022
45,Kristi,Antunez,kantunez18@mozilla.org,Female,238.30.12.9,5/15/2022
46,Esmaria,Rubinow,erubinow19@ucoz.ru,Agender,183.12.113.247,5/16/2022
47,Rutger,Inch,rinch1a@tinyurl.com,Male,226.170.19.177,5/17/2022
48,Inesita,Quene,iquene1b@yale.edu,Female,180.146.47.95,5/18/2022
49,Allan,Bartolomeu,abartolomeu1c@i2i.jp,Male,222.210.64.194,5/19/2022
50,Sancho,Menco,smenco1d@reuters.com,Male,129.216.70.66,5/20/2022
51,Shaylynn,Birts,sbirts1e@163.com,Female,18.139.33.121,5/21/2022
52,Thorpe,Fruser,tfruser1f@icq.com,Male,198.124.60.20,5/22/2022
53,Magdalen,Hordle,mhordle1g@tinypic.com,Female,231.25.4.197,5/23/2022
54,Orion,Mieville,omieville1h@youku.com,Male,183.170.118.153,5/24/2022
55,Jennilee,Bernollet,jbernollet1i@etsy.com,Female,185.178.97.187,5/25/2022
56,Vince,Birks,vbirks1j@army.mil,Male,80.240.242.20,5/26/2022
57,Evania,Paintain,epaintain1k@irs.gov,Female,177.154.53.244,5/27/2022
58,Rickert,Colbert,rcolbert1l@ehow.com,Male,73.234.224.104,5/28/2022
59,Mada,Enric,menric1m@reuters.com,Female,220.195.134.189,5/29/2022
60,Ketty,Lewisham,klewisham1n@google.ru,Female,237.181.162.104,5/30/2022
61,Rey,Longdon,rlongdon1o@instagram.com,Female,252.182.168.20,5/31/2022
62,Tracie,Poinsett,tpoinsett1p@ed.gov,Male,171.183.34.176,6/1/2022
63,Willa,Woollacott,wwoollacott1q@seesaa.net,Female,253.189.242.118,6/2/2022
64,Edwin,Elfleet,eelfleet1r@scribd.com,Male,141.11.144.51,6/3/2022
65,Skyler,D'Agostino,sdagostino1s@ftc.gov,Male,60.170.4.58,6/4/2022
66,Emmalyn,Koeppe,ekoeppe1t@51.la,Female,59.176.131.206,6/5/2022
67,Chester,Devinn,cdevinn1u@reddit.com,Male,61.172.221.25,6/6/2022
68,Reggie,Lutzmann,rlutzmann1v@engadget.com,Male,224.94.21.14,6/7/2022
69,Luelle,Tooher,ltooher1w@amazon.co.uk,Female,21.171.8.5,6/8/2022
70,Riley,McGeraghty,rmcgeraghty1x@yolasite.com,Male,86.34.63.133,6/9/2022
71,Stefania,Iacoboni,siacoboni1y@ifeng.com,Female,85.33.33.148,6/10/2022
72,Bradan,Blanchard,bblanchard1z@vk.com,Genderqueer,73.124.108.0,6/11/2022
73,Alon,Platt,aplatt20@howstuffworks.com,Male,79.155.173.223,6/12/2022
74,Cairistiona,Schukraft,cschukraft21@alibaba.com,Bigender,66.154.231.64,6/13/2022
75,Merrielle,Skaif,mskaif22@google.com.au,Female,101.99.151.34,6/14/2022
76,Rosemarie,Jizhaki,rjizhaki23@usnews.com,Female,132.241.42.15,6/15/2022
77,Sigrid,Waddup,swaddup24@typepad.com,Female,168.124.209.200,6/16/2022
78,Hedvig,Scheffler,hscheffler25@quantcast.com,Female,69.195.12.75,6/17/2022
79,Clem,Wrettum,cwrettum26@sogou.com,Male,243.176.167.149,6/18/2022
80,Teresita,Massey,tmassey27@sun.com,Female,57.98.137.5,6/19/2022
81,Dermot,Wilkisson,dwilkisson28@about.com,Polygender,224.212.191.239,6/20/2022
82,Christel,Aldcorne,caldcorne29@goo.gl,Female,252.116.209.200,6/21/2022
83,Sonny,Filintsev,sfilintsev2a@go.com,Male,115.101.244.246,6/22/2022
84,Abbot,Jardine,ajardine2b@illinois.edu,Male,28.95.67.49,6/23/2022
85,Parrnell,Ceci,pceci2c@stumbleupon.com,Male,64.103.23.102,6/24/2022
86,Jephthah,Lawley,jlawley2d@senate.gov,Male,98.6.31.1,6/25/2022
87,Hildy,Calven,hcalven2e@zimbio.com,Female,111.113.209.88,6/26/2022
88,Jordan,Gorrie,jgorrie2f@mtv.com,Genderqueer,218.169.211.102,6/27/2022
89,Victor,Orbine,vorbine2g@nytimes.com,Male,246.143.230.133,6/28/2022
90,Glynnis,Mouan,gmouan2h@berkeley.edu,Female,168.177.8.147,6/29/2022
91,Layton,Landell,llandell2i@github.io,Male,245.168.96.61,6/30/2022
92,Kelly,Simonnot,ksimonnot2j@reuters.com,Male,124.212.135.163,7/1/2022
93,Honor,Copp,hcopp2k@ucla.edu,Genderqueer,59.151.33.103,7/2/2022
94,Adara,Stroton,astroton2l@google.nl,Non-binary,255.210.94.31,7/3/2022
95,Ashley,Durnan,adurnan2m@woothemes.com,Female,239.4.214.205,7/4/2022
96,Damon,Kedslie,dkedslie2n@illinois.edu,Male,169.240.57.66,7/5/2022
97,Marshall,Pettman,mpettman2o@cornell.edu,Male,211.205.166.104,7/6/2022
98,Dorthea,Doumerque,ddoumerque2p@smugmug.com,Female,203.14.232.243,7/7/2022
99,Hayden,Chaman,hchaman2q@studiopress.com,Male,85.37.16.76,7/8/2022
100,Becka,Knewstubb,bknewstubb2r@t.co,Female,71.41.137.203,7/9/2022
101,Damien,Stonman,dstonman2s@yale.edu,Male,12.47.71.52,7/10/2022
102,Violet,Casotti,vcasotti2t@nih.gov,Female,36.197.108.134,7/11/2022
103,Barret,McGarvie,bmcgarvie2u@shinystat.com,Male,170.192.206.34,7/12/2022
104,Teirtza,Cranage,tcranage2v@ucla.edu,Female,74.110.255.67,7/13/2022
105,Tamarah,Eisikovitsh,teisikovitsh2w@weather.com,Female,162.248.254.81,7/14/2022
106,Christoffer,Di Biaggi,cdibiaggi2x@newyorker.com,Agender,87.32.179.246,7/15/2022
107,Giordano,Brandenberg,gbrandenberg2y@example.com,Male,148.65.29.119,7/16/2022
108,Garold,Dunwoody,gdunwoody2z@patch.com,Male,203.175.6.148,7/17/2022
109,Durant,Kitman,dkitman30@nps.gov,Male,2.127.196.241,7/18/2022
110,Dean,Jaxon,djaxon31@unicef.org,Male,22.58.244.148,7/19/2022
111,Trixie,Polino,tpolino32@chronoengine.com,Female,27.253.88.222,7/20/2022
112,Itch,Villalta,ivillalta33@wikimedia.org,Male,118.32.76.127,7/21/2022
113,Nollie,Audiss,naudiss34@wikipedia.org,Male,129.63.222.228,7/22/2022
114,Gaile,Robard,grobard35@army.mil,Male,64.73.151.240,7/23/2022
115,Erin,Claworth,eclaworth36@blogger.com,Male,155.95.219.41,7/24/2022
116,Natale,Ayres,nayres37@techcrunch.com,Male,77.134.199.235,7/25/2022
117,Jeniffer,Fallis,jfallis38@so-net.ne.jp,Female,193.130.149.90,7/26/2022
118,Kelsey,Kipping,kkipping39@huffingtonpost.com,Female,238.73.224.62,7/27/2022
119,Feodora,Appleford,fappleford3a@columbia.edu,Female,7.75.17.195,7/28/2022
120,Finley,Oggers,foggers3b@bandcamp.com,Male,192.42.146.147,7/29/2022
121,Matilda,Triggs,mtriggs3c@unc.edu,Female,194.124.179.147,7/30/2022
122,Jobye,Pilley,jpilley3d@yellowbook.com,Female,21.150.170.220,7/31/2022
123,Worthy,Kunrad,wkunrad3e@google.com.br,Bigender,210.112.209.119,8/1/2022
124,Brion,Berthe,bberthe3f@sakura.ne.jp,Male,221.233.125.82,8/2/2022
125,Gretchen,Burry,gburry3g@diigo.com,Female,181.119.196.86,8/3/2022
126,Kelcie,Goering,kgoering3h@multiply.com,Female,185.162.106.28,8/4/2022
127,Tully,Belcher,tbelcher3i@smh.com.au,Male,197.59.182.114,8/5/2022
128,Jone,Lassen,jlassen3j@omniture.com,Bigender,228.23.119.253,8/6/2022
129,Agathe,Bardwall,abardwall3k@a8.net,Non-binary,13.76.81.208,8/7/2022
130,Diannne,Juszkiewicz,djuszkiewicz3l@mysql.com,Female,219.100.149.89,8/8/2022
131,Lib,Kneafsey,lkneafsey3m@twitter.com,Female,69.9.11.96,8/9/2022
132,Neely,Dodamead,ndodamead3n@adobe.com,Female,217.106.224.101,8/10/2022
133,Whitman,Elcom,welcom3o@cafepress.com,Male,50.16.186.102,8/11/2022
134,Virgil,Hidderley,vhidderley3p@desdev.cn,Non-binary,159.102.28.209,8/12/2022
135,Cyndi,Crole,ccrole3q@nyu.edu,Female,39.251.231.77,8/13/2022
136,Ulrich,Sibbet,usibbet3r@sourceforge.net,Male,36.182.207.179,8/14/2022
137,Iago,Bacop,ibacop3s@behance.net,Male,107.68.247.169,8/15/2022
138,Dexter,Urch,durch3t@ycombinator.com,Male,208.197.13.197,8/16/2022
139,Hazel,Herety,hherety3u@unblog.fr,Male,36.108.156.12,8/17/2022
140,Sayers,Michin,smichin3v@si.edu,Male,68.229.34.13,8/18/2022
141,Rosamund,Godleman,rgodleman3w@sogou.com,Female,77.71.23.198,8/19/2022
142,Sterne,Benkin,sbenkin3x@diigo.com,Male,228.0.177.63,8/20/2022
143,Margit,Sutherley,msutherley3y@npr.org,Female,195.162.13.217,8/21/2022
144,Gav,Gisborne,ggisborne3z@elpais.com,Male,4.249.124.71,8/22/2022
145,Sammy,McDonagh,smcdonagh40@jalbum.net,Female,144.68.238.142,8/23/2022
146,Cassi,Truscott,ctruscott41@cbslocal.com,Female,40.141.163.109,8/24/2022
147,Melany,Keller,mkeller42@google.co.uk,Female,185.119.23.177,8/25/2022
148,Wolfie,Dulinty,wdulinty43@cisco.com,Bigender,25.163.161.171,8/26/2022
149,Carrie,Akrigg,cakrigg44@mit.edu,Genderfluid,57.63.60.212,8/27/2022
150,Towney,Blenkensop,tblenkensop45@cisco.com,Male,60.242.48.8,8/28/2022
151,Nonnah,Bruni,nbruni46@dailymotion.com,Polygender,74.144.217.233,8/29/2022
152,Timmy,Murrell,tmurrell47@bbb.org,Male,199.195.61.14,8/30/2022
153,Daniele,Sandyford,dsandyford48@toplist.cz,Female,212.36.229.8,8/31/2022
154,Zaneta,Wilstead,zwilstead49@naver.com,Female,132.41.234.108,9/1/2022
155,Xavier,Cretney,xcretney4a@wordpress.com,Male,140.101.210.71,9/2/2022
156,Alis,Littrick,alittrick4b@bloglovin.com,Female,181.81.195.137,9/3/2022
157,Thorsten,Judson,tjudson4c@unc.edu,Male,238.93.199.135,9/4/2022
158,Crissy,Brothwell,cbrothwell4d@tripadvisor.com,Female,199.97.147.171,9/5/2022
159,Elane,Searjeant,esearjeant4e@answers.com,Female,17.188.168.24,9/6/2022
160,Alphonse,Mealiffe,amealiffe4f@icq.com,Male,203.173.43.185,9/7/2022
161,Freddie,Champerlen,fchamperlen4g@theglobeandmail.com,Male,48.253.96.237,9/8/2022
162,Oates,Floris,ofloris4h@tiny.cc,Male,122.39.20.116,9/9/2022
163,Blanca,While,bwhile4i@ca.gov,Female,129.2.104.103,9/10/2022
164,Marena,Cussins,mcussins4j@w3.org,Agender,42.102.254.172,9/11/2022
165,Hershel,Winspeare,hwinspeare4k@redcross.org,Male,227.136.203.55,9/12/2022
166,Augustina,Courtin,acourtin4l@cbslocal.com,Female,158.238.207.162,9/13/2022
167,Granthem,Southern,gsouthern4m@freewebs.com,Male,75.23.211.8,9/14/2022
168,Wat,Bruggeman,wbruggeman4n@google.ca,Male,81.82.12.57,9/15/2022
169,Heda,Noirel,hnoirel4o@studiopress.com,Genderfluid,31.135.153.56,9/16/2022
170,Haydon,Scutchin,hscutchin4p@pagesperso-orange.fr,Male,163.74.236.191,9/17/2022
171,Tedman,Macourek,tmacourek4q@aboutads.info,Male,194.248.9.239,9/18/2022
172,Amabelle,Vannucci,avannucci4r@t-online.de,Female,2.59.181.135,9/19/2022
173,Nikaniki,MacAleese,nmacaleese4s@chronoengine.com,Female,80.145.28.220,9/20/2022
174,Madelin,Adamovsky,madamovsky4t@baidu.com,Female,228.151.83.36,9/21/2022
175,Madalyn,Sewill,msewill4u@baidu.com,Female,96.70.96.162,9/22/2022
176,Nerte,Dobrowolny,ndobrowolny4v@dedecms.com,Female,94.194.216.225,9/23/2022
177,Carol,Oldam,coldam4w@studiopress.com,Female,234.73.228.109,9/24/2022
178,Elmer,Ransbury,eransbury4x@apache.org,Male,59.218.19.1,9/25/2022
179,Karyl,Channon,kchannon4y@tripadvisor.com,Female,30.31.71.211,9/26/2022
180,Nowell,Grishanin,ngrishanin4z@chronoengine.com,Male,236.210.186.76,9/27/2022
181,Paule,Molen,pmolen50@amazon.co.jp,Female,17.158.199.0,9/28/2022
182,Chaddie,Charrisson,ccharrisson51@google.com.hk,Male,166.100.225.127,9/29/2022
183,Myron,Serridge,mserridge52@printfriendly.com,Male,134.141.13.240,9/30/2022
184,Torie,Garriock,tgarriock53@vinaora.com,Female,184.81.4.176,10/1/2022
185,Elliot,Byer,ebyer54@domainmarket.com,Male,0.38.14.181,10/2/2022
186,Annalise,Stitt,astitt55@rediff.com,Female,40.110.57.120,10/3/2022
187,Griffy,Francie,gfrancie56@pcworld.com,Male,210.226.159.217,10/4/2022
188,Carl,Downham,cdownham57@sfgate.com,Male,214.40.112.176,10/5/2022
189,Tirrell,Ziemke,tziemke58@home.pl,Male,22.1.206.179,10/6/2022
190,Hermine,Nodin,hnodin59@engadget.com,Agender,48.110.25.235,10/7/2022
191,Dolli,Macken,dmacken5a@shop-pro.jp,Female,228.125.46.46,10/8/2022
192,Alta,Goodisson,agoodisson5b@bing.com,Female,71.19.115.62,10/9/2022
193,Austina,Budden,abudden5c@wordpress.com,Female,130.215.207.23,10/10/2022
194,Derron,Nowell,dnowell5d@hubpages.com,Polygender,44.92.169.99,10/11/2022
195,Fritz,Tinton,ftinton5e@theatlantic.com,Male,251.137.20.143,10/12/2022
196,Gallard,Cornewall,gcornewall5f@uol.com.br,Genderqueer,22.3.143.234,10/13/2022
197,Rebeca,Eccleshall,reccleshall5g@google.com.au,Female,60.87.55.175,10/14/2022
198,Dylan,Piegrome,dpiegrome5h@opera.com,Male,89.246.229.117,10/15/2022
199,Paxton,Maffulli,pmaffulli5i@woothemes.com,Male,5.229.207.175,10/16/2022
200,Ada,Considine,aconsidine5j@toplist.cz,Female,44.55.106.97,10/17/2022
201,Luca,Trobridge,ltrobridge5k@japanpost.jp,Male,89.84.52.11,10/18/2022
202,Vivyanne,Chuter,vchuter5l@who.int,Female,3.56.129.161,10/19/2022
203,Irving,Hightown,ihightown5m@blogtalkradio.com,Male,170.210.184.108,10/20/2022
204,Wyatan,Bovaird,wbovaird5n@a8.net,Male,145.131.219.192,10/21/2022
205,Thoma,Goldbourn,tgoldbourn5o@ning.com,Male,0.183.52.207,10/22/2022
206,Silvan,Pablos,spablos5p@admin.ch,Male,253.56.32.150,10/23/2022
207,Bride,Delete,bdelete5q@bing.com,Female,59.209.192.111,10/24/2022
208,Alyss,Ottosen,aottosen5r@paginegialle.it,Female,176.44.122.142,10/25/2022
209,Carmella,Drew-Clifton,cdrewclifton5s@xinhuanet.com,Female,196.40.45.230,10/26/2022
210,Sydelle,Van Halle,svanhalle5t@ask.com,Female,111.9.193.151,10/27/2022
211,Kelbee,Bourdel,kbourdel5u@rambler.ru,Male,167.26.151.105,10/28/2022
212,Tani,Gahagan,tgahagan5v@elpais.com,Female,37.135.117.24,10/29/2022
213,Laurence,Crilly,lcrilly5w@nifty.com,Male,246.234.161.29,10/30/2022
214,Annmaria,Wallage,awallage5x@seattletimes.com,Female,150.122.4.167,10/31/2022
215,Hunter,Eddison,heddison5y@xrea.com,Male,233.118.114.62,11/1/2022
216,Yank,Cater,ycater5z@amazon.com,Male,155.169.163.49,11/2/2022
217,Launce,Kitley,lkitley60@biblegateway.com,Male,5.240.219.212,11/3/2022
218,Gilda,Drury,gdrury61@tuttocitta.it,Female,52.147.89.242,11/4/2022
219,Kelcie,Downham,kdownham62@miibeian.gov.cn,Female,191.60.46.60,11/5/2022
220,Willie,Fieldhouse,wfieldhouse63@ca.gov,Female,44.28.82.130,11/6/2022
221,Trudie,Beverley,tbeverley64@redcross.org,Female,12.87.186.182,11/7/2022
222,Garrik,O'Dea,godea65@nasa.gov,Male,57.60.164.157,11/8/2022
223,Cody,Danelutti,cdanelutti66@photobucket.com,Male,77.92.128.86,11/9/2022
224,Barbe,Goom,bgoom67@over-blog.com,Female,113.86.147.239,11/10/2022
225,Banky,Farnill,bfarnill68@wix.com,Male,162.165.138.39,11/11/2022
226,Ekaterina,Flippini,eflippini69@homestead.com,Female,6.61.122.2,11/12/2022
227,Harper,Rosel,hrosel6a@independent.co.uk,Male,214.186.127.118,11/13/2022
228,Sibby,Eckart,seckart6b@usda.gov,Female,144.206.195.186,11/14/2022
229,Elton,Bluck,ebluck6c@globo.com,Male,112.25.22.97,11/15/2022
230,Adrienne,Desseine,adesseine6d@nifty.com,Female,180.41.176.86,11/16/2022
231,Nicolle,Onge,nonge6e@shutterfly.com,Female,159.208.169.74,11/17/2022
232,Dall,Rosedale,drosedale6f@senate.gov,Male,176.206.143.190,11/18/2022
233,Kaitlyn,Lingner,klingner6g@about.me,Female,211.67.119.191,11/19/2022
234,Carmine,Gouldeby,cgouldeby6h@ucla.edu,Male,134.171.121.114,11/20/2022
235,Caspar,Fagence,cfagence6i@histats.com,Agender,98.172.185.86,11/21/2022
236,Mariel,Fust,mfust6j@adobe.com,Female,14.147.243.67,11/22/2022
237,Bud,Plaschke,bplaschke6k@reference.com,Male,101.33.253.128,11/23/2022
238,Peirce,Cafferty,pcafferty6l@github.com,Male,104.52.201.236,11/24/2022
239,Jakob,Beatson,jbeatson6m@so-net.ne.jp,Genderfluid,5.205.153.85,11/25/2022
240,Son,Fenelon,sfenelon6n@blog.com,Male,223.38.140.46,11/26/2022
241,Gaynor,Revance,grevance6o@alexa.com,Female,242.253.185.134,11/27/2022
242,Kory,Spraberry,kspraberry6p@wisc.edu,Male,77.233.240.133,11/28/2022
243,Tabbie,Haxbie,thaxbie6q@reverbnation.com,Female,47.95.101.169,11/29/2022
244,Sandy,Bollins,sbollins6r@netscape.com,Female,227.69.168.225,11/30/2022
245,Jan,Finley,jfinley6s@pagesperso-orange.fr,Female,202.127.117.178,12/1/2022
246,Colline,Kenforth,ckenforth6t@liveinternet.ru,Female,175.127.200.252,12/2/2022
247,Eartha,Allsep,eallsep6u@t.co,Female,58.151.240.7,12/3/2022
248,Talya,Starie,tstarie6v@prnewswire.com,Female,116.148.147.224,12/4/2022
249,Conway,Topper,ctopper6w@spotify.com,Male,65.214.239.88,12/5/2022
250,Adelaida,Andriuzzi,aandriuzzi6x@fastcompany.com,Female,140.200.42.159,12/6/2022
251,Claribel,Thornton-Dewhirst,cthorntondewhirst6y@squidoo.com,Bigender,118.209.195.55,12/7/2022
252,Drake,Wayne,dwayne6z@answers.com,Male,247.28.62.230,12/8/2022
253,Silvia,Murrill,smurrill70@tiny.cc,Female,23.78.55.133,12/9/2022
254,Gusta,Cornhill,gcornhill71@webmd.com,Female,137.163.0.178,12/10/2022
255,Ario,Follis,afollis72@cbc.ca,Male,90.21.208.227,12/11/2022
256,Fredelia,Peile,fpeile73@xrea.com,Female,7.177.218.137,12/12/2022
257,Gabrila,Valintine,gvalintine74@vinaora.com,Female,253.138.114.243,12/13/2022
258,Honoria,Burfitt,hburfitt75@ihg.com,Female,38.35.167.19,12/14/2022
259,Sophey,Sacker,ssacker76@spotify.com,Polygender,40.178.92.231,12/15/2022
260,Ranee,Rampton,rrampton77@wp.com,Female,157.231.70.223,12/16/2022
261,Yalonda,Osman,yosman78@theglobeandmail.com,Female,58.8.179.226,12/17/2022
262,Elliott,Broadbear,ebroadbear79@globo.com,Male,89.246.247.181,12/18/2022
263,Gwenore,Senton,gsenton7a@shop-pro.jp,Female,35.201.198.217,12/19/2022
264,Ardelis,Dominichetti,adominichetti7b@goodreads.com,Female,19.54.2.232,12/20/2022
265,Arty,Heino,aheino7c@reverbnation.com,Male,18.203.141.127,12/21/2022
266,Kevyn,Battisson,kbattisson7d@google.pl,Female,141.45.118.161,12/22/2022
267,Christina,Vynehall,cvynehall7e@addtoany.com,Female,211.28.77.249,12/23/2022
268,Tania,Lill,tlill7f@go.com,Female,13.166.78.202,12/24/2022
269,Erskine,Sinkings,esinkings7g@posterous.com,Male,105.27.29.237,12/25/2022
270,Baldwin,Kirsz,bkirsz7h@scientificamerican.com,Male,120.162.239.247,12/26/2022
271,Nathanael,Hollow,nhollow7i@harvard.edu,Male,209.2.108.184,12/27/2022
272,Perl,Beernaert,pbeernaert7j@bizjournals.com,Female,53.130.253.62,12/28/2022
273,Elizabeth,Cockcroft,ecockcroft7k@google.fr,Female,72.197.40.133,12/29/2022
274,Ethel,Balsdone,ebalsdone7l@mashable.com,Female,174.30.30.85,12/30/2022
275,Essie,Antrag,eantrag7m@si.edu,Polygender,78.189.145.7,12/31/2022
276,Lonny,Jammet,ljammet7n@sun.com,Male,131.213.149.67,1/1/2023
277,Dennet,Vagges,dvagges7o@economist.com,Male,126.130.124.191,1/2/2023
278,Wilmer,Valentelli,wvalentelli7p@newsvine.com,Male,86.67.3.242,1/3/2023
279,Floria,Slinn,fslinn7q@scientificamerican.com,Female,149.208.90.171,1/4/2023
280,Isadora,Kermeen,ikermeen7r@oakley.com,Female,240.20.217.101,1/5/2023
281,Shaun,Burgh,sburgh7s@i2i.jp,Female,174.28.72.48,1/6/2023
282,Wood,Calrow,wcalrow7t@ft.com,Male,71.161.50.240,1/7/2023
283,Meredithe,Southouse,msouthouse7u@pcworld.com,Female,85.200.7.177,1/8/2023
284,Cathi,Ockleshaw,cockleshaw7v@wired.com,Female,18.246.180.39,1/9/2023
285,Jewell,Crosetto,jcrosetto7w@disqus.com,Female,10.40.161.35,1/10/2023
286,Tomasine,Hadcroft,thadcroft7x@dmoz.org,Genderfluid,100.76.107.44,1/11/2023
287,Broderick,Du Hamel,bduhamel7y@ehow.com,Male,57.241.239.209,1/12/2023
288,D'arcy,Michelle,dmichelle7z@archive.org,Male,84.203.106.189,1/13/2023
289,Tierney,Heinish,theinish80@google.com.au,Genderfluid,212.54.227.201,1/14/2023
290,Joye,Melmar,jmelmar81@hatena.ne.jp,Female,86.8.135.58,1/15/2023
291,Bailey,Mabbot,bmabbot82@xrea.com,Male,198.177.2.186,1/16/2023
292,Mikaela,Danielou,mdanielou83@youtu.be,Female,60.82.26.102,1/17/2023
293,Clementia,Weale,cweale84@illinois.edu,Genderqueer,104.105.152.110,1/18/2023
294,Lionel,Corwin,lcorwin85@over-blog.com,Male,77.10.113.90,1/19/2023
295,Avie,Devitt,adevitt86@ox.ac.uk,Female,60.129.23.120,1/20/2023
296,Birch,McCardle,bmccardle87@mozilla.org,Male,220.13.127.77,1/21/2023
297,Stanislaw,Balsellie,sbalsellie88@cpanel.net,Male,187.44.167.4,1/22/2023
298,Laird,Jozsa,ljozsa89@simplemachines.org,Male,4.190.228.240,1/23/2023
299,Camel,Mahaffey,cmahaffey8a@ucoz.com,Female,231.87.91.194,1/24/2023
300,Norrie,Drummer,ndrummer8b@google.co.jp,Female,75.112.9.33,1/25/2023
301,Harald,Gillow,hgillow8c@live.com,Male,84.133.199.254,1/26/2023
302,Kerstin,Geelan,kgeelan8d@mapquest.com,Female,216.95.97.197,1/27/2023
303,Doralynne,Do,ddo8e@ox.ac.uk,Female,18.121.255.238,1/28/2023
304,Waylen,Treasure,wtreasure8f@rambler.ru,Male,14.50.119.253,1/29/2023
305,Thomasina,Pressman,tpressman8g@skyrock.com,Female,52.170.39.16,1/30/2023
306,Wallie,Kingaby,wkingaby8h@dion.ne.jp,Female,118.122.112.205,1/31/2023
307,Lissa,Lighterness,llighterness8i@earthlink.net,Female,228.43.253.125,2/1/2023
308,Suzy,Harmes,sharmes8j@wikimedia.org,Female,166.77.165.196,2/2/2023
309,Johnnie,Stanton,jstanton8k@alibaba.com,Male,159.35.65.162,2/3/2023
310,Dorey,Schirach,dschirach8l@craigslist.org,Female,190.116.14.81,2/4/2023
311,Burty,Vanlint,bvanlint8m@dyndns.org,Male,67.148.125.134,2/5/2023
312,Vern,Cracknell,vcracknell8n@reference.com,Male,28.242.76.40,2/6/2023
313,Shurwood,Pinxton,spinxton8o@hexun.com,Male,224.134.134.231,2/7/2023
314,Yorke,Largent,ylargent8p@4shared.com,Agender,212.193.6.110,2/8/2023
315,Abbye,Glencrash,aglencrash8q@theguardian.com,Female,76.136.43.59,2/9/2023
316,Lazarus,Kwiek,lkwiek8r@usnews.com,Male,60.187.215.192,2/10/2023
317,Stavros,Skirlin,sskirlin8s@ehow.com,Male,200.176.145.7,2/11/2023
318,Aprilette,Dennehy,adennehy8t@gmpg.org,Female,142.233.231.20,2/12/2023
319,Allistir,Wolfarth,awolfarth8u@over-blog.com,Male,117.51.43.156,2/13/2023
320,Goober,Paulat,gpaulat8v@thetimes.co.uk,Male,54.184.85.22,2/14/2023
321,Rinaldo,Moreside,rmoreside8w@people.com.cn,Male,174.125.71.51,2/15/2023
322,Candra,Mahady,cmahady8x@xing.com,Female,140.2.175.132,2/16/2023
323,Rudolfo,Maddox,rmaddox8y@wisc.edu,Male,110.224.65.36,2/17/2023
324,Dov,Scay,dscay8z@nyu.edu,Male,226.228.163.4,2/18/2023
325,Kitty,Rampage,krampage90@themeforest.net,Female,24.81.240.222,2/19/2023
326,Clarisse,Curner,ccurner91@irs.gov,Female,117.191.171.116,2/20/2023
327,Willa,Gronou,wgronou92@vistaprint.com,Female,112.186.249.73,2/21/2023
328,Annabela,Iacopini,aiacopini93@wired.com,Female,108.205.104.152,2/22/2023
329,Quill,Casserley,qcasserley94@google.com,Male,201.247.199.56,2/23/2023
330,Alina,Alleyne,aalleyne95@ft.com,Female,202.42.186.31,2/24/2023
331,Kayley,Scarman,kscarman96@quantcast.com,Bigender,52.0.32.190,2/25/2023
332,Marlo,Frohock,mfrohock97@hhs.gov,Male,148.78.196.254,2/26/2023
333,Ivor,Spellman,ispellman98@soundcloud.com,Male,188.222.196.189,2/27/2023
334,Benjamin,Gendrich,bgendrich99@auda.org.au,Genderqueer,165.151.59.158,2/28/2023
335,Standford,Seagrave,sseagrave9a@xrea.com,Male,221.119.58.126,3/1/2023
336,Kanya,Cobden,kcobden9b@creativecommons.org,Female,174.134.235.19,3/2/2023
337,Lurlene,Colvill,lcolvill9c@networkadvertising.org,Genderfluid,82.108.213.225,3/3/2023
338,Iorgo,Ragg,iragg9d@tmall.com,Male,141.56.231.22,3/4/2023
339,Gerrilee,Rapkins,grapkins9e@themeforest.net,Female,4.155.192.240,3/5/2023
340,Wes,Graeser,wgraeser9f@pinterest.com,Male,110.166.105.220,3/6/2023
341,Gert,Gaunter,ggaunter9g@paypal.com,Female,212.68.232.214,3/7/2023
342,Patricia,Frostdicke,pfrostdicke9h@hibu.com,Female,214.144.105.243,3/8/2023
343,Devlen,Hatto,dhatto9i@themeforest.net,Male,195.232.248.25,3/9/2023
344,Mylo,Bucknill,mbucknill9j@netvibes.com,Non-binary,17.16.12.130,3/10/2023
345,Minnaminnie,Bradnum,mbradnum9k@addtoany.com,Female,57.146.21.211,3/11/2023
346,Lincoln,Karpenya,lkarpenya9l@bizjournals.com,Genderqueer,173.242.67.62,3/12/2023
347,Hughie,Crouse,hcrouse9m@privacy.gov.au,Male,60.43.176.116,3/13/2023
348,Thurston,Swinyard,tswinyard9n@nifty.com,Male,182.57.152.158,3/14/2023
349,Dennie,Butlin,dbutlin9o@dmoz.org,Male,158.30.174.230,3/15/2023
350,Theresa,Realff,trealff9p@shop-pro.jp,Female,86.97.92.126,3/16/2023
351,Ali,Haliburn,ahaliburn9q@bravesites.com,Female,29.46.224.227,3/17/2023
352,Lowe,Ech,lech9r@goodreads.com,Bigender,177.80.1.83,3/18/2023
353,Graham,Huck,ghuck9s@sbwire.com,Male,146.205.65.228,3/19/2023
354,Sharline,Loukes,sloukes9t@plala.or.jp,Female,191.65.90.248,3/20/2023
355,Ema,Cymper,ecymper9u@harvard.edu,Female,246.221.8.19,3/21/2023
356,Hatty,Smallpeice,hsmallpeice9v@guardian.co.uk,Female,195.30.69.123,3/22/2023
357,Aili,Thomassen,athomassen9w@uol.com.br,Female,11.142.247.116,3/23/2023
358,Normand,Poile,npoile9x@drupal.org,Male,88.108.147.218,3/24/2023
359,Thacher,Aucott,taucott9y@stanford.edu,Male,245.55.1.231,3/25/2023
360,Christophe,Tollfree,ctollfree9z@pagesperso-orange.fr,Male,244.47.106.141,3/26/2023
361,Quincy,O'Lehane,qolehanea0@sciencedaily.com,Male,84.180.61.28,3/27/2023
362,Sosanna,Alvarado,salvaradoa1@prnewswire.com,Female,72.241.222.155,3/28/2023
363,Redford,Spillman,rspillmana2@pagesperso-orange.fr,Male,55.78.240.20,3/29/2023
364,Ambrosi,Ferretti,aferrettia3@dion.ne.jp,Male,96.78.26.204,3/30/2023
365,Ignace,Rollingson,irollingsona4@baidu.com,Male,192.232.155.81,3/31/2023
366,Vinnie,Landal,vlandala5@census.gov,Genderqueer,103.199.40.151,4/1/2023
367,Steffi,Lapish,slapisha6@hp.com,Female,44.139.82.67,4/2/2023
368,Clo,Bowerman,cbowermana7@bing.com,Female,3.12.167.228,4/3/2023
369,Leslie,Mishow,lmishowa8@skype.com,Female,103.104.217.94,4/4/2023
370,Jinny,Linden,jlindena9@dagondesign.com,Female,251.88.96.169,4/5/2023
371,Tomi,Shitliff,tshitliffaa@wired.com,Female,112.29.113.130,4/6/2023
372,Brendon,Durbann,bdurbannab@washingtonpost.com,Male,124.201.23.169,4/7/2023
373,Ally,Lernihan,alernihanac@cbc.ca,Female,27.126.198.239,4/8/2023
374,Christin,Harcourt,charcourtad@so-net.ne.jp,Female,41.30.165.0,4/9/2023
375,Kaye,Stango,kstangoae@timesonline.co.uk,Female,193.60.229.105,4/10/2023
376,Elberta,Grigaut,egrigautaf@loc.gov,Female,220.175.148.200,4/11/2023
377,Nisse,Duchateau,nduchateauag@noaa.gov,Genderfluid,76.11.162.2,4/12/2023
378,Morie,Jeaneau,mjeaneauah@narod.ru,Polygender,239.238.84.210,4/13/2023
379,Kelvin,Wonham,kwonhamai@blogspot.com,Male,87.247.162.167,4/14/2023
380,Felix,Schrader,fschraderaj@photobucket.com,Male,48.173.197.151,4/15/2023
381,Rollin,Haygreen,rhaygreenak@wired.com,Male,56.167.110.221,4/16/2023
382,Averil,Harcombe,aharcombeal@moonfruit.com,Male,78.81.172.176,4/17/2023
383,Tiler,Titheridge,ttitheridgeam@blogspot.com,Male,91.192.99.32,4/18/2023
384,Marion,Biever,mbieveran@creativecommons.org,Female,7.172.77.65,4/19/2023
385,Alverta,Dudny,adudnyao@naver.com,Female,253.9.160.15,4/20/2023
386,Celestyna,Spellsworth,cspellsworthap@wordpress.com,Female,219.254.170.51,4/21/2023
387,Huberto,Georges,hgeorgesaq@spiegel.de,Male,81.191.219.63,4/22/2023
388,Quint,Torns,qtornsar@alexa.com,Male,122.34.195.69,4/23/2023
389,Nikolos,Schimek,nschimekas@oaic.gov.au,Male,80.105.7.71,4/24/2023
390,Stephanus,Buncher,sbuncherat@infoseek.co.jp,Male,78.3.58.13,4/25/2023
391,Agathe,Tench,atenchau@hud.gov,Female,237.177.81.232,4/26/2023
392,Dolly,Spratling,dspratlingav@about.com,Non-binary,158.139.66.244,4/27/2023
393,Terrel,Mallan,tmallanaw@yahoo.com,Male,16.131.16.122,4/28/2023
394,Rahal,Plunkett,rplunkettax@businessinsider.com,Female,26.216.93.236,4/29/2023
395,Zarla,Hancell,zhancellay@google.cn,Female,44.147.8.23,4/30/2023
396,Viviene,Holywell,vholywellaz@123-reg.co.uk,Female,137.68.96.237,5/1/2023
397,Tynan,Knifton,tkniftonb0@mac.com,Male,245.98.238.143,5/2/2023
398,Blondie,Passman,bpassmanb1@mlb.com,Female,204.243.205.47,5/3/2023
399,Pauline,Ruspine,pruspineb2@homestead.com,Female,163.235.123.98,5/4/2023
400,Thadeus,McOwen,tmcowenb3@gnu.org,Male,215.35.113.135,5/5/2023
401,Cam,Sellick,csellickb4@oracle.com,Female,1.166.251.40,5/6/2023
402,Paule,Malthus,pmalthusb5@mtv.com,Female,240.15.175.49,5/7/2023
403,Trever,Suddell,tsuddellb6@google.de,Male,127.231.233.197,5/8/2023
404,Gaelan,Gilhooley,ggilhooleyb7@dedecms.com,Male,99.172.240.206,5/9/2023
405,Archy,Jamison,ajamisonb8@microsoft.com,Male,17.198.193.243,5/10/2023
406,Carolann,Philipp,cphilippb9@google.ca,Female,87.104.67.94,5/11/2023
407,Merna,Gawthorpe,mgawthorpeba@technorati.com,Female,202.192.95.82,5/12/2023
408,Roddy,Pebworth,rpebworthbb@qq.com,Male,182.23.229.89,5/13/2023
409,Zebadiah,Cyster,zcysterbc@stanford.edu,Male,139.143.38.28,5/14/2023
410,Glori,Petrichat,gpetrichatbd@blogtalkradio.com,Female,6.134.22.39,5/15/2023
411,Jermayne,Oloman,jolomanbe@accuweather.com,Male,124.1.248.25,5/16/2023
412,Clair,Crossley,ccrossleybf@tinypic.com,Male,145.7.129.196,5/17/2023
413,Hilton,Oboy,hoboybg@alexa.com,Male,116.34.235.253,5/18/2023
414,Bentlee,Youle,byoulebh@networkadvertising.org,Male,240.228.173.150,5/19/2023
415,Waylon,MacSweeney,wmacsweeneybi@dagondesign.com,Male,195.72.82.150,5/20/2023
416,Marta,Sweetmore,msweetmorebj@sogou.com,Female,169.111.104.83,5/21/2023
417,Theodor,Josefowicz,tjosefowiczbk@cocolog-nifty.com,Male,4.42.239.161,5/22/2023
418,Curt,Gosnoll,cgosnollbl@gizmodo.com,Male,77.97.75.99,5/23/2023
419,Arney,Frany,afranybm@nhs.uk,Male,244.38.144.33,5/24/2023
420,Marcello,Whereat,mwhereatbn@google.com.au,Male,207.208.148.120,5/25/2023
421,Reina,Priel,rprielbo@statcounter.com,Female,156.120.93.87,5/26/2023
422,Reyna,Mitten,rmittenbp@shareasale.com,Female,220.9.250.22,5/27/2023
423,Frederigo,Eggins,fegginsbq@mlb.com,Male,16.241.46.96,5/28/2023
424,Bonni,Denerley,bdenerleybr@msu.edu,Female,196.231.58.7,5/29/2023
425,Brigit,Hannon,bhannonbs@geocities.jp,Female,113.245.109.3,5/30/2023
426,Gardy,Reedman,greedmanbt@chron.com,Male,249.190.245.168,5/31/2023
427,Carlin,Rouge,crougebu@spotify.com,Female,218.21.125.111,6/1/2023
428,Stirling,Quarless,squarlessbv@mtv.com,Male,176.72.50.213,6/2/2023
429,Romona,Purkiss,rpurkissbw@upenn.edu,Female,104.255.254.102,6/3/2023
430,Staford,Flanders,sflandersbx@nifty.com,Male,73.114.10.121,6/4/2023
431,Elset,Aslie,easlieby@cornell.edu,Female,70.110.148.199,6/5/2023
432,Kelwin,Hurkett,khurkettbz@ucsd.edu,Male,64.215.87.67,6/6/2023
433,Anya,Woodburne,awoodburnec0@wikimedia.org,Female,200.100.231.94,6/7/2023
434,Delmar,Kitter,dkitterc1@networkadvertising.org,Male,130.157.65.102,6/8/2023
435,Nataline,Crilly,ncrillyc2@forbes.com,Female,142.254.33.56,6/9/2023
436,Dory,Hatchett,dhatchettc3@opera.com,Female,148.36.101.49,6/10/2023
437,Marjorie,Drayton,mdraytonc4@wordpress.org,Female,253.234.48.68,6/11/2023
438,Uriah,Pikhno,upikhnoc5@msn.com,Male,29.2.217.243,6/12/2023
439,Morty,Matuszynski,mmatuszynskic6@yale.edu,Male,222.137.230.56,6/13/2023
440,Dodi,Dovidian,ddovidianc7@nationalgeographic.com,Agender,14.53.94.106,6/14/2023
441,Flemming,Albin,falbinc8@weibo.com,Male,223.123.174.2,6/15/2023
442,Jenni,Yanne,jyannec9@woothemes.com,Female,77.223.63.150,6/16/2023
443,Mar,Reims,mreimsca@fotki.com,Male,177.87.86.3,6/17/2023
444,Jackson,Dixson,jdixsoncb@senate.gov,Male,75.177.104.25,6/18/2023
445,Iseabal,Fairchild,ifairchildcc@youtu.be,Female,157.165.67.19,6/19/2023
446,Charlie,Allcorn,callcorncd@ox.ac.uk,Male,116.208.123.92,6/20/2023
447,Phillida,Oager,poagerce@pcworld.com,Female,188.60.79.132,6/21/2023
448,Jenelle,Bercher,jberchercf@homestead.com,Female,37.69.16.89,6/22/2023
449,Cullie,Atyeo,catyeocg@topsy.com,Male,236.9.50.23,6/23/2023
450,Egbert,Parnell,eparnellch@pcworld.com,Male,187.67.73.59,6/24/2023
451,Fredi,Juara,fjuaraci@studiopress.com,Female,93.229.254.26,6/25/2023
452,Lexi,Karadzas,lkaradzascj@edublogs.org,Female,190.5.115.88,6/26/2023
453,Janie,Sculpher,jsculpherck@gravatar.com,Female,243.164.113.96,6/27/2023
454,Emmerich,Perschke,eperschkecl@imgur.com,Male,41.174.104.196,6/28/2023
455,Shaun,Hellyer,shellyercm@ehow.com,Male,53.188.104.243,6/29/2023
456,Chrystel,Ertel,certelcn@cnbc.com,Non-binary,218.227.54.137,6/30/2023
457,Collete,Dissman,cdissmanco@businessweek.com,Bigender,53.150.42.107,7/1/2023
458,Krista,Shallo,kshallocp@uol.com.br,Female,14.43.210.210,7/2/2023
459,Mora,Titherington,mtitheringtoncq@disqus.com,Female,32.134.131.97,7/3/2023
460,Clifford,Kernley,ckernleycr@theguardian.com,Male,24.199.246.142,7/4/2023
461,Hakim,Haill,hhaillcs@ocn.ne.jp,Male,182.185.48.238,7/5/2023
462,Demetra,Seiler,dseilerct@princeton.edu,Female,108.79.156.146,7/6/2023
463,Cory,Clementson,cclementsoncu@rakuten.co.jp,Male,246.181.129.218,7/7/2023
464,Welsh,McKnish,wmcknishcv@forbes.com,Male,220.79.178.107,7/8/2023
465,Korella,Stothart,kstothartcw@purevolume.com,Female,11.221.146.190,7/9/2023
466,Sammy,Frain,sfraincx@weebly.com,Male,57.196.230.110,7/10/2023
467,Myron,Fidler,mfidlercy@gravatar.com,Male,105.77.246.195,7/11/2023
468,Peggy,Creffeild,pcreffeildcz@patch.com,Female,20.3.25.154,7/12/2023
469,Ambrose,Ellsbury,aellsburyd0@prnewswire.com,Male,254.21.103.210,7/13/2023
470,Yank,Oakenford,yoakenfordd1@mapy.cz,Male,197.157.46.85,7/14/2023
471,Annnora,Londing,alondingd2@phoca.cz,Female,140.54.76.113,7/15/2023
472,Burnard,Kleinpeltz,bkleinpeltzd3@tumblr.com,Male,239.150.21.44,7/16/2023
473,Danny,Pinckney,dpinckneyd4@shop-pro.jp,Male,150.90.219.14,7/17/2023
474,Lenna,Boden,lbodend5@mayoclinic.com,Female,3.159.201.61,7/18/2023
475,Gwen,Duigan,gduigand6@myspace.com,Female,6.108.37.231,7/19/2023
476,Didi,MacNeish,dmacneishd7@constantcontact.com,Female,58.254.169.238,7/20/2023
477,Rollin,Kurtis,rkurtisd8@state.gov,Male,234.133.112.99,7/21/2023
478,Ora,McGrorty,omcgrortyd9@skyrock.com,Bigender,141.109.100.45,7/22/2023
479,Andras,Scones,asconesda@squarespace.com,Male,61.118.203.151,7/23/2023
480,Tadeas,Yarnley,tyarnleydb@imdb.com,Male,36.68.141.172,7/24/2023
481,Dukie,Overill,doverilldc@trellian.com,Male,84.14.228.3,7/25/2023
482,Lurleen,Eddicott,leddicottdd@wsj.com,Female,89.76.255.76,7/26/2023
483,Randy,Seyffert,rseyffertde@usatoday.com,Female,241.59.115.229,7/27/2023
484,Anthiathia,Sauvage,asauvagedf@seesaa.net,Non-binary,166.46.145.153,7/28/2023
485,Verney,Tobin,vtobindg@yahoo.com,Male,33.80.36.14,7/29/2023
486,Nolie,Belding,nbeldingdh@mashable.com,Female,8.216.32.29,7/30/2023
487,Benji,Farrey,bfarreydi@alibaba.com,Male,229.123.27.173,7/31/2023
488,Rowney,Darragon,rdarragondj@networkadvertising.org,Bigender,191.217.241.81,8/1/2023
489,Butch,Turbern,bturberndk@wordpress.com,Male,137.74.15.224,8/2/2023
490,Marcy,Brownbridge,mbrownbridgedl@usa.gov,Female,128.197.64.63,8/3/2023
491,Delmore,Alger,dalgerdm@indiegogo.com,Male,23.244.238.209,8/4/2023
492,Nye,Okie,nokiedn@time.com,Male,109.219.49.240,8/5/2023
493,Angeli,Simoens,asimoensdo@squidoo.com,Male,52.33.212.114,8/6/2023
494,Bastian,Chyuerton,bchyuertondp@si.edu,Male,188.147.209.150,8/7/2023
495,Claudianus,Guild,cguilddq@freewebs.com,Male,254.147.220.146,8/8/2023
496,Charles,Slimm,cslimmdr@cdc.gov,Male,236.176.174.179,8/9/2023
497,Marsh,Pinson,mpinsonds@xinhuanet.com,Male,50.230.82.157,8/10/2023
498,Aldric,Conduit,aconduitdt@toplist.cz,Genderfluid,37.135.197.86,8/11/2023
499,Leonerd,Grouen,lgrouendu@illinois.edu,Male,96.183.3.104,8/12/2023
500,Ripley,Henmarsh,rhenmarshdv@answers.com,Male,179.172.76.162,8/13/2023
501,Eimile,Minifie,eminifiedw@weibo.com,Female,164.179.231.16,8/14/2023
502,Wolf,Knewstub,wknewstubdx@thetimes.co.uk,Male,105.3.58.214,8/15/2023
503,Merrie,Dobson,mdobsondy@360.cn,Female,209.79.24.208,8/16/2023
504,Bobby,Axon,baxondz@angelfire.com,Male,4.81.230.120,8/17/2023
505,Bud,McCarly,bmccarlye0@latimes.com,Male,150.21.25.100,8/18/2023
506,Beverly,Safe,bsafee1@answers.com,Female,67.69.72.207,8/19/2023
507,Dom,Spellman,dspellmane2@upenn.edu,Agender,164.148.121.164,8/20/2023
508,Cori,Cudd,ccudde3@nba.com,Female,54.144.225.196,8/21/2023
509,Jo-anne,Voak,jvoake4@state.gov,Female,204.225.15.120,8/22/2023
510,Roxi,Fullalove,rfullalovee5@addthis.com,Female,87.101.246.110,8/23/2023
511,Daloris,Wardingley,dwardingleye6@walmart.com,Female,18.119.138.158,8/24/2023
512,Riobard,Mowling,rmowlinge7@feedburner.com,Genderqueer,128.238.21.136,8/25/2023
513,Essie,Hibling,ehiblinge8@altervista.org,Female,250.28.23.199,8/26/2023
514,Yancey,Daftor,ydaftore9@abc.net.au,Male,154.175.187.222,8/27/2023
515,Byrann,Fesby,bfesbyea@loc.gov,Male,146.248.149.39,8/28/2023
516,Jillene,Surr,jsurreb@engadget.com,Female,77.50.37.254,8/29/2023
517,Marlowe,Brunger,mbrungerec@php.net,Male,155.99.17.134,8/30/2023
518,Hilton,Orrill,horrilled@comcast.net,Male,207.149.146.131,8/31/2023
519,Kandy,Blaylock,kblaylockee@bizjournals.com,Female,71.31.210.54,9/1/2023
520,Reine,Hickford,rhickfordef@umn.edu,Female,216.108.76.188,9/2/2023
521,Mignonne,Coade,mcoadeeg@twitter.com,Genderfluid,178.171.175.24,9/3/2023
522,Ami,Korting,akortingeh@businessinsider.com,Female,6.67.253.85,9/4/2023
523,Garfield,Seely,gseelyei@ning.com,Male,235.89.52.232,9/5/2023
524,Francois,Poyner,fpoynerej@pbs.org,Male,217.120.59.241,9/6/2023
525,Ali,Maybury,amayburyek@howstuffworks.com,Female,85.169.180.50,9/7/2023
526,Grantley,Hodgon,ghodgonel@imdb.com,Genderfluid,234.246.4.173,9/8/2023
527,Kacey,Renne,krenneem@freewebs.com,Female,74.173.69.14,9/9/2023
528,Abelard,Bushill,abushillen@state.gov,Male,15.192.44.208,9/10/2023
529,Costa,Ingledow,cingledoweo@dropbox.com,Male,75.223.199.158,9/11/2023
530,Shaylynn,Cornewall,scornewallep@marketwatch.com,Female,227.17.245.9,9/12/2023
531,Quill,Duffus,qduffuseq@apple.com,Male,50.219.151.114,9/13/2023
532,Jo-ann,Hanney,jhanneyer@umich.edu,Female,33.164.192.146,9/14/2023
533,Duff,Pedracci,dpedraccies@wikispaces.com,Male,47.220.30.205,9/15/2023
534,Kendell,Baggallay,kbaggallayet@flickr.com,Male,57.45.9.178,9/16/2023
535,Malchy,Life,mlifeeu@elegantthemes.com,Male,149.157.112.1,9/17/2023
536,Margy,Ovill,movillev@telegraph.co.uk,Female,218.6.114.172,9/18/2023
537,Edsel,Quarrington,equarringtonew@hibu.com,Male,127.193.4.92,9/19/2023
538,Haskell,Aberkirdo,haberkirdoex@thetimes.co.uk,Male,15.161.174.164,9/20/2023
539,Ayn,Barends,abarendsey@reddit.com,Female,170.251.220.50,9/21/2023
540,Krishna,Bottoner,kbottonerez@twitpic.com,Male,201.245.234.29,9/22/2023
541,Philippine,Jay,pjayf0@amazon.de,Non-binary,102.255.227.6,9/23/2023
542,Glenn,Fabri,gfabrif1@psu.edu,Male,19.84.195.197,9/24/2023
543,Nathalie,Jodkowski,njodkowskif2@infoseek.co.jp,Female,191.226.100.114,9/25/2023
544,Tabbie,Giacometti,tgiacomettif3@php.net,Female,189.44.25.234,9/26/2023
545,Lynnette,Lightbourne,llightbournef4@netvibes.com,Polygender,202.230.244.10,9/27/2023
546,Jeana,Sickling,jsicklingf5@4shared.com,Female,60.166.245.189,9/28/2023
547,Frederico,Cavy,fcavyf6@reuters.com,Male,69.172.128.92,9/29/2023
548,Rickey,Sporton,rsportonf7@canalblog.com,Male,9.123.125.116,9/30/2023
549,Wilone,Preddle,wpreddlef8@alibaba.com,Female,121.76.19.244,10/1/2023
550,Sharai,Kassidy,skassidyf9@meetup.com,Female,35.66.95.250,10/2/2023
551,Dallas,Tumbelty,dtumbeltyfa@amazon.co.jp,Male,224.74.210.7,10/3/2023
552,Bil,Hadleigh,bhadleighfb@is.gd,Male,10.235.82.79,10/4/2023
553,Isadora,Douglass,idouglassfc@google.pl,Female,210.37.238.153,10/5/2023
554,Heywood,Beswetherick,hbeswetherickfd@gravatar.com,Male,94.140.128.193,10/6/2023
555,Jamesy,Venny,jvennyfe@google.ca,Male,143.79.41.125,10/7/2023
556,Venita,Lockyer,vlockyerff@mediafire.com,Female,139.208.86.137,10/8/2023
557,Willy,Cereceres,wcereceresfg@jigsy.com,Male,230.58.187.239,10/9/2023
558,Teirtza,Keyes,tkeyesfh@friendfeed.com,Agender,214.65.17.234,10/10/2023
559,Bennie,Liell,bliellfi@youtube.com,Male,185.143.255.7,10/11/2023
560,Phillipp,Critch,pcritchfj@hhs.gov,Male,121.178.241.129,10/12/2023
561,Arlene,Pickervance,apickervancefk@hostgator.com,Female,38.64.62.99,10/13/2023
562,Austen,Jordan,ajordanfl@mapy.cz,Male,73.253.48.196,10/14/2023
563,Boothe,Nehlsen,bnehlsenfm@archive.org,Male,149.143.105.115,10/15/2023
564,Judah,Bentson,jbentsonfn@addthis.com,Male,56.29.162.37,10/16/2023
565,Tailor,Arnatt,tarnattfo@businesswire.com,Male,39.223.163.6,10/17/2023
566,Alon,Lilley,alilleyfp@jalbum.net,Genderfluid,156.188.194.173,10/18/2023
567,Mischa,Appleton,mappletonfq@slashdot.org,Male,84.104.14.178,10/19/2023
568,Lesley,Wadlow,lwadlowfr@disqus.com,Female,145.128.254.38,10/20/2023
569,Berti,Houston,bhoustonfs@wikimedia.org,Female,140.183.134.30,10/21/2023
570,Virge,Blesdill,vblesdillft@shop-pro.jp,Male,161.57.253.75,10/22/2023
571,Wylie,Laurent,wlaurentfu@sitemeter.com,Male,22.116.157.182,10/23/2023
572,Patrice,Maty,pmatyfv@si.edu,Female,164.165.209.82,10/24/2023
573,Huntington,Konerding,hkonerdingfw@theglobeandmail.com,Male,14.226.214.73,10/25/2023
574,Gussie,Lerego,gleregofx@tinypic.com,Female,128.179.43.249,10/26/2023
575,Ciro,Stroobant,cstroobantfy@biglobe.ne.jp,Male,150.132.47.200,10/27/2023
576,Monica,Everson,meversonfz@github.com,Female,187.89.31.89,10/28/2023
577,Tiffi,Delleschi,tdelleschig0@archive.org,Female,224.126.133.16,10/29/2023
578,Izak,Huggins,ihugginsg1@phpbb.com,Male,148.66.168.169,10/30/2023
579,Daffie,Norwich,dnorwichg2@i2i.jp,Genderqueer,161.37.230.72,10/31/2023
580,Jacinthe,Parnby,jparnbyg3@nytimes.com,Female,203.108.73.134,11/1/2023
581,Geralda,Roberto,grobertog4@gnu.org,Female,168.142.117.132,11/2/2023
582,Kincaid,Phizackerly,kphizackerlyg5@163.com,Male,145.172.20.55,11/3/2023
583,Monro,Gavrielli,mgavriellig6@hibu.com,Male,60.136.216.226,11/4/2023
584,Bruce,Huws,bhuwsg7@blog.com,Male,3.17.163.5,11/5/2023
585,Bartlett,Jentin,bjenting8@posterous.com,Male,93.128.86.177,11/6/2023
586,Kristopher,Balentyne,kbalentyneg9@deviantart.com,Male,186.172.118.199,11/7/2023
587,Dido,Ringwood,dringwoodga@ox.ac.uk,Non-binary,8.110.228.126,11/8/2023
588,Mandel,Briant,mbriantgb@sfgate.com,Male,249.97.239.108,11/9/2023
589,Sisile,Trittam,strittamgc@dot.gov,Female,232.75.238.178,11/10/2023
590,Kennett,Kubatsch,kkubatschgd@narod.ru,Male,66.39.98.89,11/11/2023
591,Ronalda,Glavin,rglavinge@soundcloud.com,Female,65.70.196.69,11/12/2023
592,Alexis,Frie,afriegf@hp.com,Female,252.48.148.84,11/13/2023
593,Dede,Mollitt,dmollittgg@yahoo.co.jp,Agender,22.192.68.232,11/14/2023
594,Hart,Itscovitz,hitscovitzgh@cornell.edu,Male,100.109.224.72,11/15/2023
595,Carlee,Naptine,cnaptinegi@google.com.hk,Female,44.117.240.87,11/16/2023
596,Cleo,Orneles,cornelesgj@meetup.com,Female,4.163.187.0,11/17/2023
597,Jasper,Levi,jlevigk@gizmodo.com,Male,21.88.95.111,11/18/2023
598,Angil,Bittleson,abittlesongl@bandcamp.com,Female,185.1.248.81,11/19/2023
599,Emlyn,Herrieven,eherrievengm@sogou.com,Non-binary,121.20.16.153,11/20/2023
600,Janaya,Cathesyed,jcathesyedgn@sbwire.com,Female,125.2.158.221,11/21/2023
601,Tracy,Corbishley,tcorbishleygo@npr.org,Bigender,193.66.30.13,11/22/2023
602,Elwood,Vreede,evreedegp@nps.gov,Male,201.46.115.192,11/23/2023
603,Nate,Meadley,nmeadleygq@toplist.cz,Male,140.243.249.30,11/24/2023
604,Halsey,Beament,hbeamentgr@ftc.gov,Male,176.205.214.234,11/25/2023
605,Sophronia,Kilmary,skilmarygs@google.de,Female,142.98.52.20,11/26/2023
606,Jessey,Cockney,jcockneygt@loc.gov,Male,109.245.155.64,11/27/2023
607,Biron,Haszard,bhaszardgu@clickbank.net,Male,109.24.116.8,11/28/2023
608,Sean,Beddo,sbeddogv@last.fm,Male,233.50.154.243,11/29/2023
609,Whitby,Pires,wpiresgw@chronoengine.com,Male,151.104.156.183,11/30/2023
610,Branden,Powys,bpowysgx@aol.com,Male,113.96.174.98,12/1/2023
611,Shawna,Smullen,ssmullengy@ucsd.edu,Female,165.124.194.142,12/2/2023
612,Franciska,Lettson,flettsongz@reverbnation.com,Female,179.158.59.92,12/3/2023
613,Jonathan,McTrustey,jmctrusteyh0@webnode.com,Male,195.201.85.71,12/4/2023
614,Sheridan,Boshere,sboshereh1@desdev.cn,Male,109.97.110.240,12/5/2023
615,Merrel,Alderman,maldermanh2@accuweather.com,Non-binary,238.77.83.159,12/6/2023
616,Glenden,Gedney,ggedneyh3@qq.com,Male,242.253.91.101,12/7/2023
617,Sammie,Gurko,sgurkoh4@globo.com,Male,177.148.221.190,12/8/2023
618,Kienan,Knutsen,kknutsenh5@dropbox.com,Male,222.203.239.62,12/9/2023
619,Jaquelyn,Reece,jreeceh6@hc360.com,Female,241.127.212.68,12/10/2023
620,Annetta,Corah,acorahh7@vistaprint.com,Female,181.179.172.191,12/11/2023
621,Sherye,Musker,smuskerh8@alibaba.com,Female,26.118.4.110,12/12/2023
622,Eleonora,Tregoning,etregoningh9@state.gov,Female,109.5.86.97,12/13/2023
623,Ketty,Copnell,kcopnellha@squarespace.com,Female,25.106.35.206,12/14/2023
624,Joel,Winchcum,jwinchcumhb@thetimes.co.uk,Male,137.102.40.239,12/15/2023
625,Ofilia,O Sullivan,oosullivanhc@google.com.au,Female,183.191.195.151,12/16/2023
626,Jacob,Gehricke,jgehrickehd@nps.gov,Male,226.118.234.180,12/17/2023
627,Nadya,Hefferan,nhefferanhe@wikia.com,Genderfluid,207.154.119.132,12/18/2023
628,Sidoney,Blakesley,sblakesleyhf@1688.com,Female,187.24.60.136,12/19/2023
629,Sebastian,Schelle,sschellehg@squidoo.com,Male,92.165.84.254,12/20/2023
630,Irv,Roggieri,iroggierihh@dell.com,Non-binary,97.140.41.242,12/21/2023
631,Alejoa,Millyard,amillyardhi@deliciousdays.com,Male,85.35.196.238,12/22/2023
632,Margy,Kaplan,mkaplanhj@taobao.com,Female,20.169.99.230,12/23/2023
633,Querida,Scottesmoor,qscottesmoorhk@cbc.ca,Female,159.113.33.117,12/24/2023
634,Viola,Wixon,vwixonhl@slashdot.org,Female,132.224.71.169,12/25/2023
635,Easter,Antushev,eantushevhm@nhs.uk,Female,191.83.179.31,12/26/2023
636,Daphne,Hopkyns,dhopkynshn@ihg.com,Female,234.25.228.95,12/27/2023
637,Luelle,Sebring,lsebringho@scribd.com,Genderfluid,133.151.35.56,12/28/2023
638,Christean,Galliford,cgallifordhp@addtoany.com,Female,90.181.76.74,12/29/2023
639,Bear,Strase,bstrasehq@zimbio.com,Male,255.227.142.27,12/30/2023
640,Jethro,McClymont,jmcclymonthr@bloglines.com,Male,127.183.127.127,12/31/2023
641,Grazia,Di Pietro,gdipietrohs@narod.ru,Female,40.210.43.193,1/1/2024
642,Deeanne,Conochie,dconochieht@webs.com,Female,67.97.112.222,1/2/2024
643,Barris,Hosier,bhosierhu@etsy.com,Male,249.66.29.173,1/3/2024
644,Raffaello,Aggs,raggshv@patch.com,Male,35.26.29.38,1/4/2024
645,Heddie,Rene,hrenehw@friendfeed.com,Female,131.177.126.163,1/5/2024
646,Kailey,Dabrowski,kdabrowskihx@163.com,Female,30.77.204.244,1/6/2024
647,Conroy,Brentnall,cbrentnallhy@paginegialle.it,Male,224.160.196.224,1/7/2024
648,Klemens,Burkart,kburkarthz@census.gov,Male,151.133.83.221,1/8/2024
649,Augie,Drayn,adrayni0@ocn.ne.jp,Male,100.186.185.246,1/9/2024
650,Valentia,Matyushenko,vmatyushenkoi1@buzzfeed.com,Female,255.130.186.80,1/10/2024
651,Elias,Trowler,etrowleri2@bloglines.com,Male,131.235.139.57,1/11/2024
652,Kingston,Gamon,kgamoni3@youku.com,Male,51.66.202.109,1/12/2024
653,Merissa,Grave,mgravei4@mac.com,Female,78.0.226.43,1/13/2024
654,Kelbee,Comusso,kcomussoi5@prlog.org,Male,6.118.5.131,1/14/2024
655,Bobby,Cloute,bcloutei6@cargocollective.com,Female,185.165.36.38,1/15/2024
656,Gianni,Fairney,gfairneyi7@disqus.com,Male,25.13.86.74,1/16/2024
657,Hedvige,Fryers,hfryersi8@github.com,Female,9.57.219.201,1/17/2024
658,Albrecht,Gisbourn,agisbourni9@chron.com,Male,248.206.222.125,1/18/2024
659,Gaven,Ridgeway,gridgewayia@dot.gov,Male,9.109.169.86,1/19/2024
660,Tammie,Featherstone,tfeatherstoneib@kickstarter.com,Female,235.134.141.65,1/20/2024
661,Stafani,Whitely,swhitelyic@nbcnews.com,Female,75.40.162.247,1/21/2024
662,Vittorio,Rasch,vraschid@woothemes.com,Male,242.244.80.204,1/22/2024
663,Rafi,Lugden,rlugdenie@freewebs.com,Male,75.122.98.124,1/23/2024
664,Gaile,Abadam,gabadamif@timesonline.co.uk,Male,108.176.98.252,1/24/2024
665,Drugi,Pyson,dpysonig@google.nl,Male,81.203.9.114,1/25/2024
666,Leopold,Vaud,lvaudih@altervista.org,Male,39.71.222.222,1/26/2024
667,Bary,Spurman,bspurmanii@nytimes.com,Male,95.189.180.45,1/27/2024
668,Barbee,Ousbie,bousbieij@timesonline.co.uk,Non-binary,206.23.75.31,1/28/2024
669,Lotte,Halford,lhalfordik@istockphoto.com,Female,106.159.119.0,1/29/2024
670,Florenza,Kenford,fkenfordil@howstuffworks.com,Female,158.242.187.228,1/30/2024
671,Pate,Ambrosetti,pambrosettiim@goodreads.com,Male,3.226.11.166,1/31/2024
672,Emlynne,Creamen,ecreamenin@nifty.com,Female,63.110.94.44,2/1/2024
673,Ruthi,Jollands,rjollandsio@msu.edu,Female,220.41.156.46,2/2/2024
674,Garvin,Keene,gkeeneip@hibu.com,Genderqueer,198.251.196.79,2/3/2024
675,Giavani,Osgarby,gosgarbyiq@tinyurl.com,Male,123.81.68.121,2/4/2024
676,Katheryn,Dolligon,kdolligonir@sfgate.com,Female,254.168.164.165,2/5/2024
677,Lee,Tadman,ltadmanis@lycos.com,Male,143.215.252.217,2/6/2024
678,Natalee,Adam,nadamit@noaa.gov,Female,239.161.121.50,2/7/2024
679,Harri,Ferriman,hferrimaniu@tinyurl.com,Female,215.237.46.184,2/8/2024
680,Joleen,Guidi,jguidiiv@bing.com,Female,110.152.184.31,2/9/2024
681,Virgina,Secombe,vsecombeiw@joomla.org,Female,232.96.141.219,2/10/2024
682,Camilla,Steers,csteersix@xing.com,Female,63.158.5.48,2/11/2024
683,Gorden,Braun,gbrauniy@weebly.com,Male,47.100.99.247,2/12/2024
684,Dorian,Obeney,dobeneyiz@slideshare.net,Male,240.151.99.219,2/13/2024
685,Julian,Pariss,jparissj0@163.com,Male,254.135.224.231,2/14/2024
686,Bernetta,Renvoys,brenvoysj1@desdev.cn,Female,37.198.93.183,2/15/2024
687,Quintin,Alflatt,qalflattj2@home.pl,Male,86.102.66.144,2/16/2024
688,Barnebas,Purkess,bpurkessj3@goodreads.com,Male,26.58.101.97,2/17/2024
689,Marion,Itzakson,mitzaksonj4@uol.com.br,Female,12.221.130.136,2/18/2024
690,Shanna,Best,sbestj5@bbc.co.uk,Female,32.31.214.94,2/19/2024
691,Amalie,Santorini,asantorinij6@eventbrite.com,Female,23.89.115.21,2/20/2024
692,Amble,Jolliss,ajollissj7@hhs.gov,Non-binary,135.235.103.117,2/21/2024
693,Beret,Chrippes,bchrippesj8@businesswire.com,Female,238.223.219.17,2/22/2024
694,Kiah,Esel,keselj9@psu.edu,Female,243.86.60.126,2/23/2024
695,Dotti,Van den Oord,dvandenoordja@taobao.com,Female,162.80.139.131,2/24/2024
696,Vivianne,Savin,vsavinjb@hhs.gov,Female,19.53.110.67,2/25/2024
697,Robbie,Zanolli,rzanollijc@sfgate.com,Female,161.252.16.52,2/26/2024
698,Hakim,Tokell,htokelljd@ca.gov,Male,183.224.13.60,2/27/2024
699,Natasha,Wilshin,nwilshinje@photobucket.com,Female,159.120.128.110,2/28/2024
700,Oates,Biskupski,obiskupskijf@upenn.edu,Male,129.55.131.202,2/29/2024
701,Sheilakathryn,Purcell,spurcelljg@twitpic.com,Female,156.0.147.55,3/1/2024
702,Damiano,Wrixon,dwrixonjh@sbwire.com,Male,209.87.230.206,3/2/2024
703,Jessica,Bowhay,jbowhayji@businessinsider.com,Female,68.105.185.115,3/3/2024
704,Berna,Pingston,bpingstonjj@foxnews.com,Female,143.206.113.180,3/4/2024
705,Valentino,Royans,vroyansjk@blinklist.com,Non-binary,64.163.213.188,3/5/2024
706,Gauthier,Petzolt,gpetzoltjl@sina.com.cn,Male,161.126.0.70,3/6/2024
707,Lacee,Doyley,ldoyleyjm@nyu.edu,Female,158.139.54.85,3/7/2024
708,Kirsteni,Plet,kpletjn@ustream.tv,Female,251.76.187.155,3/8/2024
709,Babette,Arnaudot,barnaudotjo@europa.eu,Female,146.79.222.36,3/9/2024
710,Elene,Champney,echampneyjp@google.com.br,Female,121.201.22.82,3/10/2024
711,Ardene,Izkovitch,aizkovitchjq@unicef.org,Female,187.186.111.227,3/11/2024
712,Aurore,Guerreru,aguerrerujr@cbc.ca,Female,103.231.159.180,3/12/2024
713,Averil,Pothecary,apothecaryjs@diigo.com,Female,246.112.187.252,3/13/2024
714,Ariel,Brownsmith,abrownsmithjt@photobucket.com,Male,37.228.8.228,3/14/2024
715,Meriel,Measen,mmeasenju@harvard.edu,Bigender,146.224.147.32,3/15/2024
716,Kris,Butterfill,kbutterfilljv@ebay.co.uk,Female,122.5.115.8,3/16/2024
717,Fernanda,Chrichton,fchrichtonjw@cmu.edu,Female,174.29.158.41,3/17/2024
718,Fielding,Dyers,fdyersjx@digg.com,Male,17.195.46.152,3/18/2024
719,Elspeth,Pereira,epereirajy@spiegel.de,Genderqueer,159.185.179.194,3/19/2024
720,Ronni,Doonican,rdoonicanjz@uiuc.edu,Female,84.10.67.241,3/20/2024
721,Dill,Huggons,dhuggonsk0@wiley.com,Male,47.201.18.50,3/21/2024
722,Barny,Sobczak,bsobczakk1@cbc.ca,Agender,157.25.34.110,3/22/2024
723,Cayla,Palomba,cpalombak2@shutterfly.com,Genderfluid,137.95.59.23,3/23/2024
724,Claribel,Roth,crothk3@tinypic.com,Female,1.43.227.159,3/24/2024
725,Ham,Bickers,hbickersk4@cnn.com,Male,242.235.107.246,3/25/2024
726,Morna,Posten,mpostenk5@a8.net,Agender,62.161.106.167,3/26/2024
727,Peyter,MacGoun,pmacgounk6@hud.gov,Male,109.232.175.59,3/27/2024
728,Devy,Abdy,dabdyk7@whitehouse.gov,Male,169.63.188.42,3/28/2024
729,Elijah,Burrells,eburrellsk8@4shared.com,Male,240.42.117.112,3/29/2024
730,Derril,Foystone,dfoystonek9@webs.com,Male,82.122.163.141,3/30/2024
731,Adams,Partrick,apartrickka@hostgator.com,Male,109.217.209.69,3/31/2024
732,Godart,Authers,gautherskb@multiply.com,Male,193.232.192.219,4/1/2024
733,Jan,Huey,jhueykc@google.de,Female,84.21.18.195,4/2/2024
734,Keary,Henrot,khenrotkd@chicagotribune.com,Male,160.64.0.129,4/3/2024
735,Drugi,Redferne,dredferneke@google.es,Male,12.43.180.1,4/4/2024
736,Muhammad,Tredget,mtredgetkf@dedecms.com,Male,13.131.37.70,4/5/2024
737,Portie,Readie,preadiekg@reuters.com,Male,225.119.54.255,4/6/2024
738,Henrik,Brownett,hbrownettkh@smugmug.com,Male,111.106.55.91,4/7/2024
739,Alyssa,Ingerith,aingerithki@dailymail.co.uk,Female,106.176.179.26,4/8/2024
740,Bianka,Blaksley,bblaksleykj@ca.gov,Female,145.151.198.170,4/9/2024
741,Bernie,Ricioppo,bricioppokk@addthis.com,Female,109.63.231.59,4/10/2024
742,Bradford,Popham,bpophamkl@admin.ch,Male,229.13.254.137,4/11/2024
743,Edith,Erasmus,eerasmuskm@squidoo.com,Female,215.149.99.47,4/12/2024
744,Yule,Willett,ywillettkn@bbc.co.uk,Male,116.243.190.24,4/13/2024
745,Davis,Toynbee,dtoynbeeko@statcounter.com,Male,17.33.71.218,4/14/2024
746,Meredithe,Bernardoni,mbernardonikp@cloudflare.com,Female,191.14.34.199,4/15/2024
747,Carolee,Giggs,cgiggskq@devhub.com,Female,153.74.151.185,4/16/2024
748,Grenville,Killgus,gkillguskr@army.mil,Male,171.35.157.164,4/17/2024
749,Dominica,Craddock,dcraddockks@sbwire.com,Female,34.181.123.89,4/18/2024
750,Cherida,Loney,cloneykt@people.com.cn,Female,58.23.12.195,4/19/2024
751,Krishnah,Caris,kcarisku@gov.uk,Male,42.202.40.108,4/20/2024
752,Emilia,Honig,ehonigkv@printfriendly.com,Female,36.84.11.2,4/21/2024
753,Oralle,Graveston,ogravestonkw@spotify.com,Female,100.119.149.151,4/22/2024
754,Garold,Cotgrave,gcotgravekx@europa.eu,Male,196.224.183.82,4/23/2024
755,Ninnette,Clement,nclementky@webs.com,Genderfluid,147.158.240.207,4/24/2024
756,Tildy,Hurler,thurlerkz@dell.com,Female,75.1.154.43,4/25/2024
757,Nester,Frank,nfrankl0@sbwire.com,Male,89.246.85.218,4/26/2024
758,Merna,Dahlman,mdahlmanl1@wp.com,Female,63.218.235.164,4/27/2024
759,Delcine,Pashbee,dpashbeel2@constantcontact.com,Female,51.204.223.55,4/28/2024
760,Skippie,Berr,sberrl3@ihg.com,Male,9.111.221.173,4/29/2024
761,Florella,Fenner,ffennerl4@live.com,Female,108.196.164.106,4/30/2024
762,Iseabal,Berthelet,ibertheletl5@instagram.com,Female,228.31.241.174,5/1/2024
763,Vaughan,Vell,vvelll6@uiuc.edu,Male,210.40.243.55,5/2/2024
764,Corilla,Bibbie,cbibbiel7@yale.edu,Female,189.220.120.76,5/3/2024
765,Brenda,Stud,bstudl8@nih.gov,Female,245.89.206.225,5/4/2024
766,Mildrid,Powdrell,mpowdrelll9@economist.com,Female,120.23.1.236,5/5/2024
767,Kristien,Jorden,kjordenla@alibaba.com,Female,130.89.46.239,5/6/2024
768,Stanton,Mearing,smearinglb@ox.ac.uk,Male,52.104.192.78,5/7/2024
769,Marie-jeanne,Jansema,mjansemalc@netlog.com,Female,47.237.56.60,5/8/2024
770,Bendite,Shieldon,bshieldonld@t-online.de,Female,101.37.48.158,5/9/2024
771,Antonie,Fawks,afawksle@last.fm,Female,18.170.121.187,5/10/2024
772,Seana,Chin,schinlf@imgur.com,Polygender,165.176.146.83,5/11/2024
773,Grete,Bougen,gbougenlg@xing.com,Female,253.250.52.202,5/12/2024
774,Terri,Barneveld,tbarneveldlh@bloglovin.com,Female,158.145.16.204,5/13/2024
775,Kellsie,Darkott,kdarkottli@nhs.uk,Female,118.141.138.21,5/14/2024
776,Brander,Maliffe,bmaliffelj@dot.gov,Male,165.0.43.32,5/15/2024
777,Bernhard,Alejandre,balejandrelk@ebay.co.uk,Male,121.206.66.36,5/16/2024
778,Legra,Gabbitus,lgabbitusll@census.gov,Female,55.217.203.211,5/17/2024
779,Betteanne,Ravenscroftt,bravenscrofttlm@example.com,Female,5.141.111.220,5/18/2024
780,Wald,Masson,wmassonln@wufoo.com,Male,254.198.186.173,5/19/2024
781,Bradney,Narraway,bnarrawaylo@archive.org,Male,25.252.208.84,5/20/2024
782,Kayne,Aviss,kavisslp@time.com,Male,186.33.165.35,5/21/2024
783,Neils,Saward,nsawardlq@home.pl,Male,100.80.26.7,5/22/2024
784,Sherline,Sedworth,ssedworthlr@cargocollective.com,Female,190.213.126.12,5/23/2024
785,Juliane,Perris,jperrisls@google.com.br,Female,238.85.195.153,5/24/2024
786,Shirlene,Niave,sniavelt@github.com,Female,183.13.194.24,5/25/2024
787,Neill,Pollicote,npollicotelu@mysql.com,Male,43.127.37.195,5/26/2024
788,Aldon,Assandri,aassandrilv@cocolog-nifty.com,Male,112.113.38.247,5/27/2024
789,Ferdie,Davidof,fdavidoflw@timesonline.co.uk,Male,2.213.7.48,5/28/2024
790,Jamey,Goaley,jgoaleylx@yelp.com,Polygender,190.180.91.80,5/29/2024
791,Engelbert,Spurett,espurettly@hao123.com,Male,46.175.232.107,5/30/2024
792,Rafaellle,Wapol,rwapollz@answers.com,Male,11.232.168.252,5/31/2024
793,Bette,Iacovino,biacovinom0@npr.org,Female,139.45.183.71,6/1/2024
794,Judi,Withams,jwithamsm1@desdev.cn,Female,16.36.76.108,6/2/2024
795,Germain,Boomes,gboomesm2@stumbleupon.com,Female,181.46.83.5,6/3/2024
796,Zelda,Georgiades,zgeorgiadesm3@g.co,Female,211.228.187.175,6/4/2024
797,Yolande,Berre,yberrem4@123-reg.co.uk,Female,74.232.117.65,6/5/2024
798,Tremaine,Coutts,tcouttsm5@nih.gov,Male,91.160.50.198,6/6/2024
799,Shaine,Hackworth,shackworthm6@google.com.hk,Non-binary,39.7.44.237,6/7/2024
800,Debora,Curgenven,dcurgenvenm7@abc.net.au,Female,69.73.7.73,6/8/2024
801,Darelle,Briscam,dbriscamm8@state.gov,Female,2.77.122.102,6/9/2024
802,Sharl,Obispo,sobispom9@php.net,Female,56.246.51.41,6/10/2024
803,Sinclair,Ramsbotham,sramsbothamma@buzzfeed.com,Male,200.96.99.42,6/11/2024
804,Cash,Flaxman,cflaxmanmb@dot.gov,Genderqueer,32.22.159.188,6/12/2024
805,Jon,Mummery,jmummerymc@opera.com,Male,165.102.170.224,6/13/2024
806,Laney,Jankiewicz,ljankiewiczmd@usgs.gov,Male,166.119.115.32,6/14/2024
807,Forster,Sprigg,fspriggme@senate.gov,Male,199.72.79.91,6/15/2024
808,Ingemar,Pindar,ipindarmf@pinterest.com,Polygender,65.81.150.37,6/16/2024
809,Berk,Janicki,bjanickimg@webs.com,Male,141.120.151.83,6/17/2024
810,Marylynne,Coonan,mcoonanmh@quantcast.com,Female,136.170.9.106,6/18/2024
811,Jonathon,Mussared,jmussaredmi@xrea.com,Male,176.17.235.105,6/19/2024
812,Michele,Hulland,mhullandmj@posterous.com,Genderfluid,17.39.51.2,6/20/2024
813,Allin,Fiddeman,afiddemanmk@nbcnews.com,Agender,82.143.59.47,6/21/2024
814,Billie,Dahill,bdahillml@bbb.org,Female,210.58.98.82,6/22/2024
815,Phyllida,Ventom,pventommm@feedburner.com,Female,123.228.108.143,6/23/2024
816,Helen,Cotgrave,hcotgravemn@foxnews.com,Female,93.78.215.9,6/24/2024
817,Shelba,Laba,slabamo@indiegogo.com,Female,38.193.116.46,6/25/2024
818,Susan,Goudy,sgoudymp@cornell.edu,Female,2.122.71.124,6/26/2024
819,Ilise,Galilee,igalileemq@google.com.au,Female,60.138.5.52,6/27/2024
820,Merry,Tossell,mtossellmr@wiley.com,Female,1.255.143.131,6/28/2024
821,Rusty,Denson,rdensonms@facebook.com,Male,68.135.239.200,6/29/2024
822,Urbano,Chatters,uchattersmt@utexas.edu,Male,100.197.72.206,6/30/2024
823,Bearnard,Udie,budiemu@census.gov,Male,236.116.107.1,7/1/2024
824,Isidore,Hennington,ihenningtonmv@meetup.com,Male,80.213.168.41,7/2/2024
825,Penelope,Gilbey,pgilbeymw@cmu.edu,Female,209.40.72.48,7/3/2024
826,Raoul,Drakers,rdrakersmx@i2i.jp,Male,28.121.87.87,7/4/2024
827,Sol,Ciottoi,sciottoimy@fotki.com,Male,170.162.131.105,7/5/2024
828,Dwight,Louisot,dlouisotmz@youtu.be,Male,129.71.134.37,7/6/2024
829,Jacqueline,Judd,jjuddn0@yellowpages.com,Female,227.230.6.107,7/7/2024
830,Kylila,Ullrich,kullrichn1@aboutads.info,Genderqueer,69.246.222.251,7/8/2024
831,Anabelle,Ruppeli,aruppelin2@creativecommons.org,Female,226.38.45.203,7/9/2024
832,Gaynor,Drinkale,gdrinkalen3@mlb.com,Female,50.165.67.7,7/10/2024
833,Laurette,Ghidoli,lghidolin4@rakuten.co.jp,Female,127.88.6.107,7/11/2024
834,Tate,Westbury,twestburyn5@kickstarter.com,Female,88.240.99.225,7/12/2024
835,Theodoric,Strood,tstroodn6@xrea.com,Male,3.74.146.136,7/13/2024
836,Fax,Fremantle,ffremantlen7@123-reg.co.uk,Non-binary,132.110.63.254,7/14/2024
837,Jodi,Woolvin,jwoolvinn8@opensource.org,Female,84.173.230.106,7/15/2024
838,Bobette,Sirkett,bsirkettn9@livejournal.com,Female,52.208.112.1,7/16/2024
839,Elset,Torn,etornna@goodreads.com,Female,224.42.19.74,7/17/2024
840,Kahaleel,Monkman,kmonkmannb@wikipedia.org,Male,7.7.175.155,7/18/2024
841,Gregor,Hooke,ghookenc@wikispaces.com,Male,44.170.103.1,7/19/2024
842,Chevy,Turrell,cturrellnd@vkontakte.ru,Male,12.251.243.80,7/20/2024
843,Webster,Quinnelly,wquinnellyne@digg.com,Male,87.192.101.137,7/21/2024
844,Cathlene,Svanini,csvanininf@friendfeed.com,Female,248.105.252.105,7/22/2024
845,Meg,Lasseter,mlasseterng@umich.edu,Female,4.86.92.40,7/23/2024
846,Norine,Simonelli,nsimonellinh@bbc.co.uk,Female,48.131.113.114,7/24/2024
847,Jacklyn,Cadlock,jcadlockni@drupal.org,Female,61.2.244.164,7/25/2024
848,Hermann,Chape,hchapenj@senate.gov,Male,194.20.116.175,7/26/2024
849,York,Arpur,yarpurnk@paginegialle.it,Male,144.133.160.130,7/27/2024
850,Valina,Rape,vrapenl@google.com.hk,Female,48.18.154.199,7/28/2024
851,Zachariah,Gailor,zgailornm@cornell.edu,Male,116.250.86.95,7/29/2024
852,Sylvan,Tardiff,stardiffnn@parallels.com,Male,24.228.31.168,7/30/2024
853,Field,Grigoryov,fgrigoryovno@themeforest.net,Male,3.103.177.182,7/31/2024
854,Madelina,Goudge,mgoudgenp@hp.com,Female,112.96.61.100,8/1/2024
855,Lyndell,Cressy,lcressynq@ustream.tv,Female,74.61.161.114,8/2/2024
856,Penny,de Zamora,pdezamoranr@jalbum.net,Male,66.143.94.85,8/3/2024
857,Melinde,Schutze,mschutzens@yellowbook.com,Female,54.57.158.115,8/4/2024
858,Seymour,Dodman,sdodmannt@time.com,Male,157.193.221.67,8/5/2024
859,Hogan,Weinberg,hweinbergnu@nih.gov,Male,238.220.221.20,8/6/2024
860,Fonz,Mithun,fmithunnv@seattletimes.com,Male,130.82.48.0,8/7/2024
861,Sheryl,Angrick,sangricknw@jiathis.com,Female,188.34.230.204,8/8/2024
862,Herbert,Sifflett,hsifflettnx@noaa.gov,Male,170.236.94.215,8/9/2024
863,Grethel,Pierro,gpierrony@webs.com,Female,187.249.79.80,8/10/2024
864,Clari,Matessian,cmatessiannz@wikispaces.com,Female,222.133.183.102,8/11/2024
865,Baldwin,Grog,bgrogo0@1688.com,Male,23.200.42.32,8/12/2024
866,Kip,Dignan,kdignano1@loc.gov,Male,140.89.24.91,8/13/2024
867,Cesaro,Kennicott,ckennicotto2@amazonaws.com,Male,192.100.210.135,8/14/2024
868,Alameda,Nevitt,anevitto3@intel.com,Female,30.244.39.15,8/15/2024
869,Sheeree,Chasemore,schasemoreo4@hibu.com,Genderfluid,62.160.25.63,8/16/2024
870,Belinda,Jarnell,bjarnello5@jalbum.net,Genderqueer,78.87.189.84,8/17/2024
871,Julie,Learned,jlearnedo6@hibu.com,Female,214.156.37.192,8/18/2024
872,Griselda,Ricardon,gricardono7@nytimes.com,Female,108.192.154.30,8/19/2024
873,Julio,Bowmer,jbowmero8@harvard.edu,Male,111.7.253.95,8/20/2024
874,Sam,Onraet,sonraeto9@hhs.gov,Female,204.45.158.135,8/21/2024
875,Lowell,Yitzovitz,lyitzovitzoa@photobucket.com,Male,104.209.233.116,8/22/2024
876,Michal,Rhule,mrhuleob@blog.com,Female,225.175.10.71,8/23/2024
877,Tiebout,Camis,tcamisoc@berkeley.edu,Male,100.221.235.130,8/24/2024
878,Shandie,Phant,sphantod@example.com,Genderqueer,70.99.151.89,8/25/2024
879,Reggy,Toolin,rtoolinoe@webnode.com,Male,61.201.138.87,8/26/2024
880,Zack,Stollman,zstollmanof@feedburner.com,Male,162.49.126.228,8/27/2024
881,Boris,Valois,bvaloisog@nba.com,Male,23.77.186.63,8/28/2024
882,Jo-ann,Neal,jnealoh@rambler.ru,Female,163.19.99.64,8/29/2024
883,Esta,Craighead,ecraigheadoi@theguardian.com,Genderfluid,77.193.55.122,8/30/2024
884,Rozina,Jeckell,rjeckelloj@yahoo.com,Female,232.151.139.55,8/31/2024
885,Ruperto,Huygen,rhuygenok@phpbb.com,Male,141.133.94.228,9/1/2024
886,Nickey,Thoms,nthomsol@lycos.com,Male,35.189.99.210,9/2/2024
887,Celene,Heersema,cheersemaom@hhs.gov,Female,250.169.145.172,9/3/2024
888,Cody,Moorrud,cmoorrudon@fema.gov,Male,27.184.60.77,9/4/2024
889,Leann,Wetherald,lwetheraldoo@hugedomains.com,Female,28.149.50.20,9/5/2024
890,Faustine,Wooldridge,fwooldridgeop@vistaprint.com,Female,51.26.101.144,9/6/2024
891,Rock,Matschoss,rmatschossoq@bizjournals.com,Male,67.159.171.161,9/7/2024
892,Bertram,Aneley,baneleyor@odnoklassniki.ru,Male,13.227.139.216,9/8/2024
893,Rowen,Kesterton,rkestertonos@nba.com,Male,154.205.207.189,9/9/2024
894,Gerik,See,gseeot@over-blog.com,Male,78.142.196.41,9/10/2024
895,Kittie,Fooks,kfooksou@google.pl,Female,107.54.135.241,9/11/2024
896,Duff,Bohan,dbohanov@acquirethisname.com,Male,33.5.141.164,9/12/2024
897,Ab,Veal,avealow@java.com,Bigender,222.255.15.177,9/13/2024
898,Othello,Launchbury,olaunchburyox@t-online.de,Male,137.154.125.129,9/14/2024
899,Laverne,Lynn,llynnoy@economist.com,Genderfluid,165.240.213.12,9/15/2024
900,Lenore,Cloy,lcloyoz@vimeo.com,Female,154.230.63.91,9/16/2024
901,Starlin,Beaze,sbeazep0@issuu.com,Female,69.210.211.223,9/17/2024
902,Royce,Danielot,rdanielotp1@1688.com,Male,62.102.188.39,9/18/2024
903,Marcie,Fobidge,mfobidgep2@bandcamp.com,Female,181.250.61.126,9/19/2024
904,Lotte,Float,lfloatp3@businessinsider.com,Female,178.38.20.32,9/20/2024
905,Selena,Beever,sbeeverp4@mapy.cz,Female,255.142.90.128,9/21/2024
906,Grete,Gobbett,ggobbettp5@ycombinator.com,Female,38.249.195.254,9/22/2024
907,Anet,Simeonov,asimeonovp6@dyndns.org,Female,5.114.52.141,9/23/2024
908,Glyn,Moxstead,gmoxsteadp7@cornell.edu,Agender,123.158.126.103,9/24/2024
909,Franny,Brazil,fbrazilp8@auda.org.au,Male,20.54.61.234,9/25/2024
910,Janifer,Illingworth,jillingworthp9@booking.com,Female,123.195.209.194,9/26/2024
911,Lonnie,Bickmore,lbickmorepa@blogs.com,Female,246.28.89.145,9/27/2024
912,Gannon,Torrijos,gtorrijospb@skyrock.com,Male,41.63.221.124,9/28/2024
913,Lilas,Galsworthy,lgalsworthypc@va.gov,Polygender,228.163.123.108,9/29/2024
914,Kerry,Gough,kgoughpd@dot.gov,Female,1.43.1.131,9/30/2024
915,Kelwin,Gaul,kgaulpe@ning.com,Male,237.54.92.244,10/1/2024
916,Kenneth,Goman,kgomanpf@boston.com,Male,108.51.112.246,10/2/2024
917,Tallia,Petrovsky,tpetrovskypg@parallels.com,Female,4.175.143.222,10/3/2024
918,Garreth,Glanester,gglanesterph@flickr.com,Male,145.214.67.26,10/4/2024
919,Rivalee,Wilhelmy,rwilhelmypi@miitbeian.gov.cn,Female,120.121.62.202,10/5/2024
920,Halli,Rosenbusch,hrosenbuschpj@hatena.ne.jp,Female,157.37.16.240,10/6/2024
921,Arte,Hitzmann,ahitzmannpk@whitehouse.gov,Male,188.241.237.229,10/7/2024
922,Ignatius,Bruckenthal,ibruckenthalpl@jalbum.net,Male,164.201.92.22,10/8/2024
923,Marsh,Rabier,mrabierpm@storify.com,Male,231.187.101.249,10/9/2024
924,Fletcher,Woodfin,fwoodfinpn@xing.com,Male,46.140.135.175,10/10/2024
925,Bartholomeus,Beddard,bbeddardpo@goo.ne.jp,Male,195.11.8.191,10/11/2024
926,Jarrad,Roll,jrollpp@fastcompany.com,Male,194.17.80.152,10/12/2024
927,Romy,Brierly,rbrierlypq@arizona.edu,Female,33.139.31.69,10/13/2024
928,Avrom,Plunkett,aplunkettpr@tripadvisor.com,Male,43.54.18.174,10/14/2024
929,Jolyn,Allan,jallanps@apache.org,Female,215.93.123.155,10/15/2024
930,Fidel,Winder,fwinderpt@guardian.co.uk,Male,54.201.199.165,10/16/2024
931,Cassaundra,Baitman,cbaitmanpu@tumblr.com,Female,38.205.114.12,10/17/2024
932,Brand,O' Quirk,boquirkpv@ed.gov,Male,173.254.182.111,10/18/2024
933,Jamil,Roskam,jroskampw@wufoo.com,Male,97.218.100.178,10/19/2024
934,Christopher,Danielot,cdanielotpx@home.pl,Male,224.188.137.146,10/20/2024
935,Davita,Hamner,dhamnerpy@4shared.com,Female,46.159.156.238,10/21/2024
936,Kata,Mugglestone,kmugglestonepz@hao123.com,Female,109.169.99.60,10/22/2024
937,Eric,Almak,ealmakq0@deviantart.com,Genderfluid,172.31.208.245,10/23/2024
938,Grace,Orry,gorryq1@tinypic.com,Male,134.63.36.48,10/24/2024
939,Miller,Fortoun,mfortounq2@hhs.gov,Male,133.20.151.254,10/25/2024
940,Jordain,Ettels,jettelsq3@skyrock.com,Non-binary,66.72.122.3,10/26/2024
941,Devland,Marritt,dmarrittq4@vistaprint.com,Male,43.165.168.2,10/27/2024
942,Cesar,Rountree,crountreeq5@behance.net,Male,215.22.4.150,10/28/2024
943,Casie,Debrett,cdebrettq6@slate.com,Female,65.91.62.25,10/29/2024
944,Delilah,Waddoups,dwaddoupsq7@nasa.gov,Female,30.22.135.118,10/30/2024
945,Maddalena,Trimmell,mtrimmellq8@berkeley.edu,Female,233.139.82.35,10/31/2024
946,Rita,Thacke,rthackeq9@sphinn.com,Female,150.62.133.51,11/1/2024
947,Ferdy,Dugall,fdugallqa@liveinternet.ru,Male,75.193.112.206,11/2/2024
948,Alastair,Slym,aslymqb@cam.ac.uk,Male,34.238.254.246,11/3/2024
949,Thurston,Hallihane,thallihaneqc@epa.gov,Male,249.150.173.80,11/4/2024
950,Lonni,Scamal,lscamalqd@wisc.edu,Female,160.48.14.230,11/5/2024
951,Tracie,Coorington,tcooringtonqe@nationalgeographic.com,Male,113.12.130.117,11/6/2024
952,Angeline,Aveson,aavesonqf@ihg.com,Female,172.158.105.53,11/7/2024
953,Bab,Kittles,bkittlesqg@fda.gov,Female,91.182.90.129,11/8/2024
954,Katharine,Bingham,kbinghamqh@wordpress.org,Female,10.225.92.148,11/9/2024
955,Kania,Dene,kdeneqi@yolasite.com,Female,206.197.134.134,11/10/2024
956,Carlynne,Genty,cgentyqj@webeden.co.uk,Female,90.100.120.228,11/11/2024
957,Hedda,Dalling,hdallingqk@boston.com,Female,110.33.203.250,11/12/2024
958,Odie,Satterley,osatterleyql@nba.com,Bigender,27.197.195.143,11/13/2024
959,Cornie,Gascard,cgascardqm@answers.com,Female,141.153.18.148,11/14/2024
960,Hendrick,Eggleston,hegglestonqn@phpbb.com,Male,246.101.174.194,11/15/2024
961,Maura,Northill,mnorthillqo@123-reg.co.uk,Female,133.200.241.225,11/16/2024
962,Opal,Truelock,otruelockqp@altervista.org,Female,228.198.153.2,11/17/2024
963,Olivia,Andrieu,oandrieuqq@issuu.com,Female,60.121.222.114,11/18/2024
964,Leonora,Axel,laxelqr@ocn.ne.jp,Female,126.255.154.149,11/19/2024
965,Carey,Brouard,cbrouardqs@unblog.fr,Female,177.208.141.5,11/20/2024
966,Nicolis,Lyman,nlymanqt@posterous.com,Agender,192.200.203.89,11/21/2024
967,Claudetta,Grealish,cgrealishqu@gmpg.org,Female,26.167.115.224,11/22/2024
968,Emyle,Brauninger,ebrauningerqv@last.fm,Female,20.82.155.125,11/23/2024
969,Jaine,Braxay,jbraxayqw@adobe.com,Female,157.248.127.246,11/24/2024
970,Daryl,Batters,dbattersqx@google.co.jp,Male,167.89.16.164,11/25/2024
971,Catlin,Macourek,cmacourekqy@webeden.co.uk,Female,70.217.143.132,11/26/2024
972,Adan,Vasiliu,avasiliuqz@studiopress.com,Female,96.98.158.122,11/27/2024
973,Ulick,Lazar,ulazarr0@twitpic.com,Male,163.2.184.197,11/28/2024
974,Chrysler,Manis,cmanisr1@wired.com,Female,50.232.67.177,11/29/2024
975,Leonora,Dufoure,ldufourer2@unicef.org,Female,207.179.174.10,11/30/2024
976,Nicol,Aujouanet,naujouanetr3@istockphoto.com,Male,141.184.47.199,12/1/2024
977,Lissy,Gateley,lgateleyr4@mac.com,Female,91.217.170.103,12/2/2024
978,Deny,Penrith,dpenrithr5@google.fr,Female,160.191.89.86,12/3/2024
979,Burr,Gladman,bgladmanr6@cargocollective.com,Male,41.241.69.121,12/4/2024
980,Austine,Jahns,ajahnsr7@earthlink.net,Genderqueer,131.174.4.180,12/5/2024
981,Lyndell,Sharpling,lsharplingr8@sciencedaily.com,Female,170.145.139.249,12/6/2024
982,Shane,Robiou,srobiour9@biblegateway.com,Non-binary,27.237.204.40,12/7/2024
983,Luelle,Ivakhnov,livakhnovra@ehow.com,Female,112.107.96.251,12/8/2024
984,Belia,Bozier,bbozierrb@whitehouse.gov,Female,92.126.37.36,12/9/2024
985,Othello,Hainey`,ohaineyrc@yellowpages.com,Male,64.165.179.1,12/10/2024
986,Roldan,Batte,rbatterd@merriam-webster.com,Male,72.67.117.122,12/11/2024
987,Timoteo,Duncombe,tduncombere@flavors.me,Male,169.151.100.240,12/12/2024
988,Gwenore,McCullogh,gmcculloghrf@google.com.br,Female,215.68.172.141,12/13/2024
989,Martainn,Bauldrey,mbauldreyrg@chronoengine.com,Male,216.115.222.173,12/14/2024
990,Perry,Bygraves,pbygravesrh@people.com.cn,Male,158.123.155.196,12/15/2024
991,Alexandro,Lamcken,alamckenri@wix.com,Male,203.60.123.49,12/16/2024
992,Shannon,Veitch,sveitchrj@ucoz.com,Male,46.50.11.198,12/17/2024
993,Marline,Clark,mclarkrk@cdbaby.com,Agender,99.37.151.72,12/18/2024
994,Chad,Algore,calgorerl@buzzfeed.com,Female,7.233.178.140,12/19/2024
995,Bord,Urey,bureyrm@patch.com,Male,127.46.127.9,12/20/2024
996,Chastity,Curado,ccuradorn@upenn.edu,Female,185.50.106.66,12/21/2024
997,Katrina,Ollerton,kollertonro@over-blog.com,Female,78.16.211.104,12/22/2024
998,Chaim,Abbet,cabbetrp@bloglines.com,Male,72.219.253.41,12/23/2024
999,Jefferson,Schwand,jschwandrq@gnu.org,Male,227.213.167.136,12/24/2024
1000,Astrix,Scaddon,ascaddonrr@europa.eu,Female,83.56.174.181,12/25/2024
